Site,Type,Classification,Date,Time,Duration,Depth,Visibility,Weather,Current,Boats,Researcher,Parrotfish,Rabbitfish,Butterflyfish,Angelfish,Cleaner_Wrasse,Batfish,Thicklip,Red_Breast,Slingjaw,Sweetlips,Squirrel/Soldier,Triggerfish,Porcupine/Puffer,Ray,Brown_Stripe_Snapper,Russels_Snapper,Snapper>30,Eel,Trevally,Emperorfish,Grouper<30,Grouper>30,Barracuda,total_N
Shark Island,Natural ,Pinnacle,03/15/2025,7:10,8,15,12,2,None,0,Scar,8,19,44,6,3,0,4,0,0,1,0,1,0,0,0,3,4,0,2,4,12,2,0,86
Shark Island,Natural ,Pinnacle,03/15/2025,7:10,8,15,12,2,None,0,Renzo,15,19,25,4,3,0,0,0,0,1,0,1,0,0,0,0,4,0,5,1,15,13,0,72
Shark Island,Natural ,Pinnacle,03/15/2025,7:10,8,15,12,2,None,0,Scar,12,9,24,2,3,0,3,0,0,0,72,0,0,0,141,1,0,0,7,1,17,3,0,274
Shark Island,Natural ,Pinnacle,03/15/2025,7:10,8,15,12,2,None,0,Renzo,7,2,30,2,2,0,0,0,0,0,90,0,0,0,180,16,1,0,3,1,17,9,0,351
Shark Island,Natural ,Pinnacle,03/15/2025,7:10,8,15,12,2,None,0,Scar,11,15,28,3,9,0,0,0,0,0,106,0,1,0,106,0,0,0,2,1,25,1,0,282
Shark Island,Natural ,Pinnacle,03/15/2025,7:10,8,15,12,2,None,0,Renzo,9,13,20,1,4,0,0,0,0,0,121,0,1,0,117,3,0,0,1,1,26,6,0,301
Aow Mao,Natural,Fringing,09/01/2019,12:00,8,17,NA,2,Medium,4,GlobalReef,3.00,50.00,8.00,3.00,3.00,0.00,0.00,1.00,0.00,0.00,3.00,1.00,0.00,0.00,2.00,113.00,3.00,0.00,11.00,2.00,5.00,3.00,0.00,211.00
Aow Mao,Natural,Fringing,09/01/2019,8:00,8,16,5,1,Light,2,GlobalReef,0.25,21.75,5.50,0.00,2.25,0.00,0.00,0.00,0.00,1.50,12.75,0.00,0.00,0.50,3.50,11.00,1.00,0.00,3.25,0.50,4.75,2.25,0.00,70.75
Aow Mao,Natural,Fringing,09/01/2019,8:00,8,16,20,1,None,3,GlobalReef,3.13,42.75,11.25,3.38,3.00,0.00,0.00,0.00,0.00,0.00,38.63,0.00,0.00,0.50,48.13,30.50,1.00,0.00,7.63,6.88,13.63,10.13,40.50,261.00
Chumphon,Natural,Pinnacle,09/01/2019,12:00,8,17,NA,2,Medium,4,GlobalReef,3,50,8,3,3,0,0,1,0,0,3,1,0,0,2,113,3,0,11,2,5,3,0,211.00
Southwest,Natural,Pinnacle,09/01/2019,8:00,8,16,5,1,Light,2,GlobalReef,0.25,21.75,5.5,0,2.25,0,0,0,0,1.5,12.75,0,0,0.5,3.5,11,1,0,3.25,0.5,4.75,2.25,0,70.75
Southwest,Natural,Pinnacle,09/01/2019,8:00,8,16,20,1,None,3,GlobalReef,3.125,42.75,11.25,3.375,3,0,0,0,0,0,38.625,0,0,0.5,48.125,30.5,1,0,7.625,6.875,13.625,10.125,40.5,261.00
Aow Mao,Natural,Fringing,11/01/2022,13:00,8,NA,12,2,None,3,GlobalReef,4.00,11.67,7.00,0.67,4.50,0.00,0.00,0.83,0.00,0.00,2.83,0.50,0.00,0.00,0.00,2.17,0.00,0.00,0.17,0.67,24.50,0.00,73.33,132.84
Aow Mao,Natural,Fringing,11/01/2022,14:00,8,NA,12,5,None,1,GlobalReef,1.50,25.50,5.00,1.00,0.50,1.50,0.00,0.00,0.00,0.00,3.00,0.50,0.00,0.00,0.00,0.00,0.00,0.50,0.00,0.50,23.00,3.50,0.00,66.00
Aow Mao,Natural,Fringing,11/01/2022,13:00,8,NA,12,2,None,3,GlobalReef,4.00,7.00,7.50,0.75,6.75,0.00,0.00,0.00,0.00,0.00,0.00,0.25,0.00,0.00,0.00,2.75,0.00,0.00,0.50,1.00,47.50,0.00,317.50,395.50
Aow Mao,Natural,Fringing,11/01/2022,14:00,8,NA,12,2,None,0,GlobalReef,0.75,3.50,10.50,0.00,4.50,0.00,0.00,1.50,0.00,0.25,3.50,0.00,0.00,0.00,0.00,3.75,0.00,0.00,1.25,9.00,21.50,0.25,27.50,87.75
Aow Mao,Natural,Fringing,11/01/2022,12:00,8,0,20,2,None,0,GlobalReef,33.00,29.50,21.00,3.00,6.00,3.00,0.00,1.50,0.00,4.00,0.00,3.50,0.00,0.00,26.00,0.00,0.00,0.00,0.50,13.00,43.50,3.50,57.50,248.50
Aow Mao,Natural,Fringing,11/01/2022,NA,8,NA,NA,NA,NA,NA,GlobalReef,5.00,59.00,22.00,3.00,5.00,0.00,0.00,5.00,0.00,0.00,0.00,1.00,0.00,0.00,0.00,0.00,0.00,0.00,3.00,3.00,31.50,4.50,0.00,142.00
Aow Mao,Natural,Fringing,11/01/2022,12:00,8,NA,10,5,NA,0,GlobalReef,6.00,2.00,17.25,2.00,5.00,0.00,3.00,1.50,0.00,1.25,0.00,0.75,0.00,0.00,0.25,0.50,1.00,0.00,0.25,2.00,38.00,3.50,0.00,84.25
Aow Mao,Natural,Fringing,11/01/2022,11:00,8,NA,12,1,None,0,GlobalReef,14.75,73.75,19.50,3.00,6.50,0.00,0.50,3.25,0.00,1.00,0.00,0.00,0.00,0.00,0.00,0.00,0.25,0.00,0.00,0.50,39.00,6.00,0.00,168.00
Aow Mao,Natural,Fringing,11/01/2022,11:00,8,NA,7,5,Light,0,GlobalReef,3.50,7.00,16.25,1.25,6.25,0.75,1.50,1.50,0.00,0.50,0.00,0.25,0.00,0.00,0.00,0.00,1.50,0.25,1.50,1.50,29.50,4.50,0.00,77.50
Aow Mao,Natural,Fringing,11/01/2022,12:00,8,NA,7,5,Light,0,GlobalReef,8.00,3.75,15.25,1.00,8.25,0.00,1.25,0.25,0.00,0.75,0.00,1.25,0.00,0.00,0.00,0.00,0.00,0.00,0.25,1.50,39.75,3.25,0.00,84.50
Aow Mao,Natural,Fringing,11/01/2022,14:00,8,24,7,2,None,2,GlobalReef,2.75,29.00,3.25,0.00,1.50,0.00,0.00,1.50,0.00,4.00,0.00,0.50,0.00,0.00,42.75,99.25,4.50,0.00,0.00,10.75,4.25,4.25,0.00,208.25
Aow Mao,Natural,Fringing,11/01/2022,12:00,8,24,7,5,None,1,GlobalReef,5.75,10.25,14.75,1.00,2.50,0.00,0.00,1.75,0.00,9.50,4.25,0.50,0.00,0.00,39.75,146.25,6.25,0.00,1.00,5.75,3.50,2.50,0.00,255.25
Aow Mao,Natural,Fringing,11/01/2022,12:00,8,24,7,5,None,1,GlobalReef,4.75,22.25,3.75,0.00,2.25,0.00,0.00,1.25,0.00,6.00,0.00,0.75,0.00,0.00,64.75,139.50,5.00,0.00,0.00,32.25,2.75,4.50,0.00,289.75
Aow Mao,Natural,Fringing,11/01/2022,12:00,8,24,7,5,None,1,GlobalReef,1.50,9.75,5.00,0.25,0.50,1.00,0.00,1.00,0.00,1.75,0.00,0.00,0.00,0.00,61.50,161.00,4.25,0.00,1.50,0.25,2.75,0.50,0.00,252.50
Aow Mao,Natural,Fringing,11/01/2022,12:00,8,24,7,5,None,1,GlobalReef,2.75,2.50,7.25,0.50,0.25,0.00,0.00,2.25,0.00,3.00,0.00,0.50,0.00,0.00,47.50,35.25,2.00,0.00,0.00,0.50,4.00,3.50,7.50,119.25
Aow Mao,Natural,Fringing,04/01/2023,9:00,8,20,15,1,None,0,GlobalReef,12.00,21.50,15.00,1.50,4.00,2.00,0.00,1.00,0.00,5.00,0.00,2.00,0.00,0.00,3.00,30.00,0.00,0.00,0.00,5.50,19.50,1.50,15.00,138.50
Aow Mao,Natural,Fringing,04/01/2023,NA,8,NA,NA,NA,NA,NA,GlobalReef,4.67,2.50,12.17,2.00,4.00,1.17,0.17,2.00,0.17,0.00,0.00,1.33,0.00,0.00,0.00,0.00,0.17,0.00,4.00,5.00,16.67,5.00,0.00,61.02
Aow Mao,Natural,Fringing,04/01/2023,12:00,8,24,7,5,None,1,GlobalReef,3.25,3.00,12.75,0.75,1.75,0.00,0.00,3.50,0.00,7.00,0.00,1.25,0.00,0.00,74.00,96.00,6.75,0.00,6.75,4.25,3.75,3.00,7.50,235.25
Aow Mao,Natural,Fringing,05/01/2023,7:00,8,18,12,1,None,3,GlobalReef,6.50,41.50,12.17,1.33,2.00,0.00,0.00,5.50,0.00,0.17,0.50,1.33,0.00,0.00,1.17,12.83,1.50,0.00,0.67,2.50,13.67,0.17,90.00,193.51
Aow Mao,Natural,Fringing,05/01/2023,9:00,8,19,12,1,None,5,GlobalReef,4.50,20.00,7.25,1.25,2.00,0.00,0.00,4.50,0.00,0.50,0.00,0.50,0.00,0.00,0.00,11.25,0.75,0.00,16.00,2.25,16.25,1.00,95.00,183.00
Aow Mao,Natural,Fringing,05/01/2023,7:00,8,NA,NA,NA,NA,NA,GlobalReef,6.67,5.33,10.50,0.33,4.33,0.00,2.00,2.83,0.00,0.83,0.67,0.00,0.50,0.00,0.83,19.67,0.33,0.00,0.83,4.83,29.17,1.17,90.00,180.82
Aow Mao,Natural,Fringing,05/01/2023,9:00,8,NA,NA,NA,NA,NA,GlobalReef,1.25,63.50,13.75,1.75,2.00,0.25,2.00,2.50,0.25,0.75,0.00,0.50,0.00,0.00,1.25,31.25,1.25,0.00,1.00,3.75,27.00,1.25,82.50,237.75
Aow Mao,Natural,Fringing,05/01/2023,14:00,8,18,15,1,None,0,GlobalReef,8.00,55.00,15.00,1.00,3.25,0.00,0.00,5.00,0.00,7.25,0.00,0.75,1.25,0.00,4.00,22.50,1.50,0.00,2.00,5.75,19.00,5.00,11.25,167.50
Aow Mao,Natural,Fringing,05/01/2023,8:00,8,20,15,NA,None,0,GlobalReef,8.00,182.00,9.00,0.00,2.50,0.00,0.00,0.00,0.00,0.25,0.00,1.00,0.00,0.00,1.00,4.25,0.00,0.00,59.75,4.75,13.75,2.75,7.50,296.50
Aow Mao Wreck,Artificial,Shipwreck,05/01/2023,14:00,8,19,15,NA,None,0,GlobalReef,12.17,69.50,11.67,1.50,1.50,0.50,0.00,0.67,0.00,2.67,0.00,0.33,0.00,0.50,3.00,3.83,0.17,0.00,1.67,1.50,20.67,3.50,9.17,144.52
Aow Mao Wreck,Artificial,Shipwreck,05/01/2023,14:00,8,20,15,NA,None,0,GlobalReef,13.25,81.50,15.75,1.00,2.50,0.50,0.25,2.25,0.00,1.75,0.00,2.25,0.00,0.00,1.25,27.00,1.25,0.00,82.75,11.00,17.00,3.25,0.00,264.50
Aow Mao Wreck,Artificial,Shipwreck,05/01/2023,8:00,8,NA,7,1,None,0,GlobalReef,10.75,31.25,17.25,0.75,4.25,0.50,0.25,3.00,0.00,0.00,0.00,0.75,0.00,0.00,0.00,0.00,0.75,0.00,0.00,4.00,25.25,2.00,0.00,100.75
Aow Mao Wreck,Artificial,Shipwreck,05/01/2023,10:00,8,24,7,1,None,1,GlobalReef,1.50,8.00,7.00,1.00,0.00,0.00,0.00,2.00,0.00,5.50,0.00,0.00,0.00,0.00,24.00,146.00,6.00,0.00,1.00,1.00,2.00,0.50,0.00,205.50
Aow Mao Wreck,Artificial,Shipwreck,06/01/2023,NA,8,NA,NA,NA,NA,NA,GlobalReef,7.50,17.25,14.50,1.75,3.00,0.50,2.50,1.75,0.00,0.50,0.00,0.00,0.00,0.00,1.00,1.50,0.00,0.00,1.50,3.00,46.75,2.00,148.25,253.25
Aow Mao Wreck,Artificial,Shipwreck,06/01/2023,10:00,8,20,7,1,None,3,GlobalReef,7.50,80.75,9.25,0.50,1.25,0.00,0.00,1.50,0.00,5.50,0.00,0.75,0.00,0.00,39.75,81.50,7.75,0.00,1.00,3.50,7.75,2.50,0.00,250.75
Aow Mao Wreck,Artificial,Shipwreck,07/01/2023,NA,8,NA,NA,NA,NA,NA,GlobalReef,9.50,5.50,9.00,0.00,0.50,0.00,2.50,1.50,0.50,0.00,1.00,0.00,0.00,0.00,0.50,0.00,0.00,0.00,0.00,1.00,19.00,0.50,0.00,51.00
Aow Mao Wreck,Artificial,Shipwreck,07/01/2023,NA,8,NA,NA,NA,NA,NA,GlobalReef,0.00,0.00,0.00,0.00,0.00,0.00,0.00,0.00,0.00,0.00,0.00,0.00,0.00,0.00,0.00,0.00,0.00,0.00,1.00,0.00,0.00,0.00,0.00,1.00
Aow Mao Wreck,Artificial,Shipwreck,07/01/2023,11:30,8,17,20,1,None,6,GlobalReef,2.00,8.75,12.00,1.50,5.00,1.50,0.00,4.00,0.00,0.00,0.00,0.75,0.00,0.00,0.00,9.75,0.75,0.00,3.25,23.50,23.50,2.25,125.00,223.50
Aow Mao Wreck,Artificial,Shipwreck,07/01/2023,15:00,8,20,10,1,Light,0,GlobalReef,3.67,42.00,6.00,2.00,0.33,0.00,0.00,0.33,0.00,8.67,0.00,1.33,0.00,0.00,1.67,9.33,2.33,0.00,0.33,1.67,3.00,1.33,0.00,83.99
Aow Mao Wreck,Artificial,Shipwreck,07/01/2023,13:30,8,NA,18,1,NA,0,GlobalReef,12.00,6.75,15.50,1.75,6.75,0.00,0.00,2.50,0.00,0.00,0.00,1.25,0.50,0.00,0.25,0.00,0.50,0.50,1.75,6.25,38.00,2.75,0.00,97.00
Aow Mao Wreck,Artificial,Shipwreck,07/01/2023,10:00,8,21,7,1,None,4,GlobalReef,4.50,6.25,13.00,0.00,1.00,0.00,0.50,3.75,0.00,13.25,0.00,1.25,0.00,0.00,42.25,173.25,2.25,0.00,0.75,2.75,2.25,1.50,0.00,268.50
Aow Mao Wreck,Artificial,Shipwreck,07/01/2023,10:00,8,22,7,1,None,5,GlobalReef,8.25,8.00,14.00,2.00,1.50,0.00,0.00,6.75,0.00,7.25,0.00,0.00,1.00,0.00,32.25,166.25,7.00,0.00,20.25,2.50,5.00,6.00,0.00,288.00
Aow Mao Wreck,Artificial,Shipwreck,08/01/2023,13:30,8,NA,10,1,None,0,GlobalReef,11.83,11.17,16.17,0.17,2.67,0.00,1.67,2.50,1.00,0.00,0.00,0.33,0.00,0.00,0.00,0.00,0.00,0.00,0.00,1.50,25.33,1.83,0.00,76.17
Aow Mao Wreck,Artificial,Shipwreck,08/01/2023,13:30,8,NA,10,1,None,0,GlobalReef,14.33,6.33,6.33,0.33,2.00,0.00,1.67,1.33,0.67,0.00,0.33,0.00,0.00,0.00,126.67,0.00,0.33,0.00,1.33,0.33,15.33,0.67,0.00,177.98
Aow Mao Wreck,Artificial,Shipwreck,08/01/2023,13:30,8,NA,10,1,None,0,GlobalReef,27.50,4.00,12.50,0.00,5.50,0.00,4.00,9.50,0.00,0.00,0.00,0.00,0.00,1.00,52.00,0.00,0.50,0.00,0.50,0.00,18.00,1.00,0.00,136.00
Aow Mao Wreck,Artificial,Shipwreck,08/01/2023,13:30,8,NA,10,1,None,0,GlobalReef,9.00,6.00,16.00,1.00,7.00,0.00,2.00,4.50,2.00,0.00,0.50,0.00,0.00,0.00,117.50,0.00,0.00,0.00,3.00,1.50,16.50,1.00,0.00,187.50
Aow Mao Wreck,Artificial,Shipwreck,08/01/2023,NA,8,NA,NA,NA,NA,NA,GlobalReef,0.00,0.00,2.50,0.00,0.00,0.00,0.00,0.00,0.00,0.00,0.00,0.00,0.00,0.00,10.00,0.00,0.00,0.00,7.00,0.00,0.00,0.00,0.00,19.50
Aow Mao Wreck,Artificial,Shipwreck,08/01/2023,NA,8,NA,NA,NA,NA,NA,GlobalReef,0.00,0.00,2.00,0.00,0.00,0.00,0.00,0.00,0.00,0.00,0.00,0.00,0.00,0.00,3.00,0.00,0.00,0.00,1.00,0.00,3.50,0.00,0.00,9.50
Aow Mao Wreck,Artificial,Shipwreck,08/01/2023,NA,8,NA,NA,NA,NA,NA,GlobalReef,0.00,0.00,0.00,0.00,0.00,0.00,0.00,0.00,0.00,0.00,0.00,0.00,0.00,0.00,7.00,0.00,0.00,0.00,0.00,0.00,2.50,0.00,0.00,9.50
Aow Mao Wreck,Artificial,Shipwreck,08/01/2023,11:00,8,20,18,1,None,0,GlobalReef,4.50,26.33,10.17,1.33,3.67,0.00,1.50,6.67,0.17,2.33,4.33,0.67,0.00,0.00,1.67,5.33,1.00,0.00,3.83,6.00,20.33,0.50,102.50,202.83
Aow Mao Wreck,Artificial,Shipwreck,08/01/2023,11:00,8,NA,NA,NA,NA,NA,GlobalReef,2.75,32.75,12.50,0.25,8.25,0.25,1.00,2.25,0.00,3.00,0.00,0.50,0.25,0.00,0.00,17.50,0.25,0.00,0.25,1.50,19.75,1.75,25.00,129.75
Aow Mao Wreck,Artificial,Shipwreck,08/01/2023,9:30,8,NA,18,1,NA,0,GlobalReef,6.00,43.00,7.00,2.00,7.00,0.00,0.00,1.00,0.00,0.00,0.00,1.00,0.00,0.00,0.00,0.00,0.00,0.00,0.50,5.50,30.00,2.00,0.00,105.00
Aow Mao Wreck,Artificial,Shipwreck,08/01/2023,8:00,8,25,12,1,None,1,GlobalReef,0.00,0.00,3.50,0.00,0.00,0.00,0.00,0.00,0.00,0.00,0.00,0.00,0.00,0.00,1.00,0.00,0.00,0.00,0.00,0.00,0.00,0.00,0.00,4.50
Aow Mao Wreck,Artificial,Shipwreck,08/01/2023,8:00,8,25,12,1,None,1,GlobalReef,1.50,107.00,5.50,0.00,0.00,0.00,0.00,0.00,0.00,0.00,0.00,0.00,0.00,0.00,0.00,0.00,0.00,0.00,0.00,1.00,0.00,0.00,0.00,115.00
Aow Mao Wreck,Artificial,Shipwreck,08/01/2023,13:30,8,25,7,1,Light,0,GlobalReef,0.00,0.00,0.00,0.00,0.00,0.00,0.00,0.00,0.00,0.00,0.00,0.00,0.00,0.00,0.00,0.00,0.00,0.00,0.00,0.00,1.00,0.00,0.00,1.00
Aow Mao Wreck,Artificial,Shipwreck,08/01/2023,13:30,8,25,7,1,Light,0,GlobalReef,0.00,7.50,0.50,0.00,0.00,0.00,0.00,0.00,0.00,0.00,0.00,0.00,0.00,0.00,0.00,0.00,0.00,0.00,0.00,1.00,0.50,0.00,0.00,9.50
Chumphon,Natural,Pinnacle,08/01/2023,13:30,8,25,7,1,Light,0,GlobalReef,0.00,10.00,1.00,0.00,0.00,0.00,0.00,0.00,0.00,0.00,0.00,0.00,0.00,0.00,0.00,0.00,0.00,0.00,0.00,1.00,1.00,0.00,0.00,13.00
Chumphon,Natural,Pinnacle,08/01/2023,10:00,8,21,10,1,None,0,GlobalReef,2.50,24.50,6.50,3.00,3.50,0.00,0.50,1.00,0.00,8.50,0.00,0.00,0.00,0.00,46.00,115.50,10.50,0.00,2.00,0.00,2.00,4.00,0.00,230.00
Chumphon,Natural,Pinnacle,09/01/2023,11:00,8,18,12,1,None,5,GlobalReef,3.25,32.75,13.75,3.75,5.50,1.00,0.25,0.75,0.00,2.00,2.00,1.75,0.00,0.00,0.00,16.50,0.00,0.00,0.00,27.50,18.75,2.50,62.50,194.50
Green Rock,Natural,Fringing,09/01/2023,NA,8,NA,NA,NA,NA,NA,GlobalReef,13.25,57.00,8.50,1.50,4.25,1.25,0.50,2.00,0.00,3.25,0.00,2.00,0.00,0.50,1.00,7.75,9.00,0.00,1.50,1.75,16.50,7.75,77.50,216.75
Green Rock,Natural,Fringing,09/01/2023,NA,8,NA,12,NA,NA,0,GlobalReef,10.00,59.00,7.50,1.00,3.50,1.00,0.50,0.50,0.00,0.00,0.00,1.00,0.00,0.00,0.00,0.00,0.00,0.00,0.50,2.00,20.00,6.50,0.00,113.00
Green Rock,Natural,Fringing,09/01/2023,NA,8,NA,12,NA,NA,0,GlobalReef,3.50,51.00,9.00,1.50,5.00,0.00,0.00,1.00,2.00,0.00,0.00,0.50,0.00,0.00,0.00,0.00,0.00,0.00,5.50,1.50,11.50,12.00,0.00,104.00
Green Rock,Natural,Fringing,09/01/2023,NA,8,NA,NA,NA,NA,NA,GlobalReef,9.00,38.00,13.50,2.00,7.00,0.00,0.00,3.50,0.00,0.00,0.00,0.50,0.00,0.00,0.00,0.00,0.50,0.00,3.00,0.00,14.00,3.00,0.00,94.00
Green Rock,Natural,Fringing,09/01/2023,NA,8,NA,12,NA,NA,0,GlobalReef,5.25,49.25,9.00,1.00,5.25,0.00,0.25,0.75,0.00,0.00,0.00,1.00,0.00,0.00,0.00,0.00,0.00,0.00,0.25,3.25,12.50,5.25,0.00,93.00
Green Rock,Natural,Fringing,09/01/2023,NA,8,NA,12,NA,NA,0,GlobalReef,7.25,42.00,9.00,1.50,8.50,0.00,0.75,1.00,0.25,0.00,0.00,0.50,0.00,0.00,0.00,0.00,0.00,0.00,0.25,1.75,35.50,7.75,0.00,116.00
Green Rock,Natural,Fringing,09/01/2023,10:00,8,20,12,1,None,0,GlobalReef,12.50,42.00,11.50,2.50,8.00,0.00,0.00,4.00,0.00,0.00,0.00,0.00,0.00,0.00,0.00,0.00,0.00,0.00,1.00,2.00,25.50,9.00,0.00,118.00
Hin Pee Wee,Natural,Pinnacle,09/01/2023,10:00,8,20,12,1,None,0,GlobalReef,3.00,45.00,14.00,0.50,2.50,0.00,0.00,4.75,0.25,0.00,0.00,0.00,0.50,0.00,0.00,0.00,0.00,0.00,0.00,1.25,13.25,4.50,0.00,89.50
Hin Pee Wee,Natural,Pinnacle,09/01/2023,10:00,8,20,12,1,None,0,GlobalReef,6.25,53.75,12.25,1.50,5.25,0.00,0.00,4.25,0.00,0.00,0.00,0.00,0.00,0.00,0.00,0.00,0.00,0.00,0.75,1.75,11.50,8.25,0.00,105.50
Hin Pee Wee,Natural,Pinnacle,09/01/2023,10:00,8,20,12,1,None,0,GlobalReef,1.00,18.00,7.50,0.00,0.00,0.00,0.00,0.00,0.00,1.50,0.00,1.00,0.00,0.00,1.00,0.00,0.00,0.00,0.00,2.50,0.00,3.00,0.00,35.50
Hin Pee Wee,Natural,Pinnacle,09/01/2023,10:00,8,20,12,1,None,0,GlobalReef,0.00,18.00,10.00,0.00,0.00,0.00,0.00,0.00,0.00,1.00,0.00,0.00,0.00,0.00,1.00,0.00,0.00,0.00,0.00,4.00,0.00,2.00,0.00,36.00
Hin Pee Wee,Natural,Pinnacle,09/01/2023,10:00,8,22,10,1,None,1,GlobalReef,4.50,26.00,11.00,3.00,2.00,0.00,0.00,2.50,0.00,6.50,0.00,0.00,0.00,0.00,49.50,150.50,5.00,0.00,5.00,1.00,3.50,9.00,0.00,279.00
Hin Pee Wee,Natural,Pinnacle,09/01/2023,10:00,8,23,10,1,None,2,GlobalReef,4.50,6.00,7.00,0.00,0.00,0.00,0.00,3.50,0.00,12.00,0.00,0.00,0.00,0.00,33.00,88.00,15.50,0.00,0.00,2.00,3.50,5.00,0.00,180.00
Hin Pee Wee,Natural,Pinnacle,09/19/2023,14:00,8,12,12,1,None,0,GlobalReef,11.00,14.50,18.50,0.00,5.50,0.00,1.50,6.00,2.00,0.00,5.00,1.00,0.00,0.00,114.00,0.00,0.00,0.00,0.00,1.00,21.00,7.50,0.00,208.50
Hin Pee Wee,Natural,Pinnacle,09/19/2023,14:00,8,12,12,1,None,0,GlobalReef,5.00,9.50,14.75,0.00,2.00,0.00,0.75,4.50,1.25,0.00,2.00,0.50,0.00,0.00,54.00,0.00,0.25,0.00,0.00,1.50,14.00,1.00,0.00,111.00
Hin Pee Wee,Natural,Pinnacle,09/19/2023,14:00,8,12,12,1,None,0,GlobalReef,8.25,8.75,12.75,0.00,6.50,0.00,0.25,2.50,0.75,0.00,1.00,0.75,0.00,0.25,53.75,0.25,0.00,0.00,0.00,0.00,13.00,5.75,0.00,114.50
Hin Pee Wee,Natural,Pinnacle,09/19/2023,13:00,8,18,18,1,None,0,GlobalReef,1.00,126.75,4.50,0.00,0.00,0.00,0.00,0.00,0.00,4.75,0.00,0.00,0.00,0.00,0.00,0.00,0.00,0.00,1.00,0.25,0.00,0.25,0.00,138.50
Hin Pee Wee,Natural,Pinnacle,09/19/2023,13:00,8,18,18,1,None,1,GlobalReef,2.00,122.00,3.00,0.00,0.00,0.00,0.00,0.00,0.00,5.00,0.00,0.00,0.00,0.00,0.00,0.00,0.00,0.00,0.75,0.25,0.00,0.00,0.00,133.00
Hin Pee Wee,Natural,Pinnacle,09/19/2023,13:00,8,18,18,1,None,2,GlobalReef,2.00,108.50,2.50,0.00,0.00,0.00,0.00,0.00,0.00,4.00,0.00,0.00,0.00,0.00,0.00,0.00,0.00,0.00,1.00,0.50,0.00,0.00,0.00,118.50
Hin Pee Wee,Natural,Pinnacle,09/24/2023,14:00,8,18,18,1,None,2,GlobalReef,3.50,58.00,0.75,0.00,0.00,0.00,0.00,0.00,0.00,3.25,0.00,0.00,0.25,0.00,0.00,0.00,0.00,0.00,1.50,0.00,0.00,0.50,0.00,67.75
Hin Pee Wee,Natural,Pinnacle,09/24/2023,14:00,8,18,18,NA,None,2,GlobalReef,4.75,22.25,2.00,0.00,0.00,0.00,0.00,0.00,0.00,3.25,0.00,0.00,0.50,0.00,0.00,0.00,0.00,0.00,0.00,0.25,0.00,0.00,0.00,33.00
Hin Pee Wee,Natural,Pinnacle,10/01/2023,10:00,8,18,12,1,None,4,GlobalReef,10.00,34.00,13.75,1.00,6.50,0.00,0.50,1.50,1.75,2.50,0.75,1.25,0.00,0.00,0.00,20.75,0.75,0.00,3.75,32.25,23.75,7.00,37.75,199.50
Hin Pee Wee,Natural,Pinnacle,10/01/2023,10:00,8,18,12,1,None,4,GlobalReef,10.00,24.00,10.00,1.50,2.00,1.00,2.00,3.50,0.00,0.00,1.50,0.50,0.00,0.00,0.50,21.00,1.00,0.00,4.00,6.50,30.50,2.00,35.00,156.50
Hin Pee Wee,Natural,Pinnacle,10/01/2023,10:00,8,19,20,1,None,4,GlobalReef,11.00,28.50,17.00,1.25,5.25,0.25,0.50,3.00,0.00,1.00,1.00,0.50,0.00,0.00,0.00,7.00,0.00,0.00,0.75,39.25,23.25,5.75,15.50,160.75
Hin Pee Wee,Natural,Pinnacle,10/01/2023,10:00,8,20,12,1,None,5,GlobalReef,8.00,16.50,7.00,0.50,2.25,0.50,0.25,1.00,0.00,0.00,0.25,0.50,0.00,0.00,1.00,10.50,0.50,0.00,1.50,40.00,32.25,3.50,7.50,133.50
Hin Pee Wee,Natural,Pinnacle,10/01/2023,8:00,8,19,NA,1,Light,3,GlobalReef,7.75,10.75,6.75,0.75,4.50,0.25,0.00,0.75,0.00,3.50,0.00,0.00,0.00,0.00,0.00,6.75,0.25,0.00,4.50,19.00,22.75,2.75,51.75,142.75
Hin Pee Wee,Natural,Pinnacle,10/01/2023,8:00,8,19,NA,1,Light,3,GlobalReef,11.00,7.00,5.75,0.75,5.00,0.25,0.00,1.75,0.00,3.00,0.00,0.00,0.00,0.00,0.00,6.50,0.25,0.00,1.50,4.50,28.25,4.75,97.50,177.75
Hin Pee Wee,Natural,Pinnacle,10/01/2023,8:00,8,19,NA,1,Light,3,GlobalReef,7.25,13.75,8.00,0.75,6.00,0.00,0.50,7.50,0.00,0.25,5.00,0.75,0.00,0.25,0.00,0.00,0.00,0.00,1.00,9.25,34.75,3.50,132.50,231.00
Hin Pee Wee,Natural,Pinnacle,10/01/2023,8:00,8,20,12,1,None,0,GlobalReef,12.50,34.75,17.00,0.75,6.25,1.50,0.00,0.75,0.00,2.75,0.00,2.00,0.75,0.00,0.50,24.75,0.00,0.00,0.00,3.50,9.00,4.25,215.00,336.00
Hin Pee Wee,Natural,Pinnacle,10/01/2023,8:00,8,20,12,1,None,0,GlobalReef,18.00,24.25,16.00,0.50,5.75,3.00,0.25,1.25,0.00,18.75,0.00,2.00,0.00,0.25,11.25,17.75,0.00,0.00,0.00,1.75,11.00,6.75,112.50,251.00
Hin Pee Wee,Natural,Pinnacle,10/01/2023,8:00,8,20,7,1,None,3,GlobalReef,5.00,77.00,3.50,0.00,4.50,0.00,0.00,0.00,0.00,0.00,0.00,0.00,0.00,1.00,0.00,10.50,0.00,0.00,0.00,1.00,4.50,4.00,135.00,246.00
Hin Pee Wee,Natural,Pinnacle,10/01/2023,8:00,8,20,7,1,None,3,GlobalReef,6.00,32.50,2.00,0.00,4.00,2.00,0.00,0.00,0.00,0.00,0.00,0.00,0.00,0.00,0.00,2.50,0.00,0.00,0.00,11.00,5.00,6.00,95.00,166.00
Hin Pee Wee,Natural,Pinnacle,10/01/2023,8:00,8,20,7,1,None,3,GlobalReef,2.00,51.50,4.00,0.00,1.50,0.00,0.00,0.00,0.00,0.00,0.00,1.50,0.00,0.00,0.00,0.50,0.50,0.00,0.00,0.50,1.50,3.00,30.00,96.50
Hin Pee Wee,Natural,Pinnacle,10/01/2023,8:00,8,20,7,1,None,3,GlobalReef,8.00,5.00,7.00,2.00,3.00,1.00,0.00,0.00,0.00,16.00,0.00,0.00,0.00,0.00,2.00,24.00,0.00,0.00,0.00,1.00,9.00,6.00,75.00,159.00
Hin Pee Wee,Natural,Pinnacle,10/01/2023,8:00,8,20,7,1,None,3,GlobalReef,3.75,2.50,8.25,1.00,4.00,0.75,0.00,0.25,1.50,1.50,0.00,0.75,0.00,0.00,0.75,22.75,1.25,0.00,1.50,3.00,6.75,4.00,245.00,309.25
Hin Pee Wee,Natural,Pinnacle,10/01/2023,8:00,8,20,18,1,None,2,GlobalReef,23.75,13.25,12.00,2.50,4.75,1.25,1.50,3.50,0.00,1.75,0.00,2.00,1.00,0.00,1.00,13.00,1.00,0.00,0.75,3.75,17.50,7.00,0.00,111.25
Hin Pee Wee,Natural,Pinnacle,10/01/2023,10:00,8,NA,12,1,Light,0,GlobalReef,8.50,12.75,10.50,0.50,5.50,0.00,0.50,2.00,0.00,0.00,0.00,0.75,0.25,0.00,0.00,0.00,0.50,0.00,0.50,8.00,21.25,15.25,0.00,86.75
Hin Pee Wee,Natural,Pinnacle,10/01/2023,10:00,8,22,18,1,None,4,GlobalReef,4.75,16.00,12.00,1.00,2.50,0.00,0.00,3.50,0.00,10.00,2.75,0.50,0.00,0.00,66.00,88.00,8.00,0.00,0.50,2.25,1.75,7.50,0.00,227.00
Hin Pee Wee,Natural,Pinnacle,10/01/2023,10:00,8,23,7,1,None,5,GlobalReef,6.75,38.25,21.25,0.00,2.00,0.00,0.00,2.50,0.00,2.50,0.00,0.50,0.00,0.00,81.50,171.75,7.25,0.00,1.00,7.25,3.75,11.25,0.00,357.50
Hin Pee Wee,Natural,Pinnacle,10/01/2023,10:00,8,23,7,1,Light,6,GlobalReef,6.50,19.50,13.00,0.00,3.00,0.00,0.00,3.00,0.00,0.00,0.00,2.00,0.00,0.00,63.50,102.50,0.50,0.00,0.50,4.50,0.50,6.00,0.00,225.00
Hin Pee Wee,Natural,Pinnacle,10/01/2023,10:00,8,23,7,1,Light,6,GlobalReef,3.00,22.50,10.00,0.00,3.50,0.00,0.00,2.50,0.00,1.50,0.00,2.00,0.00,0.00,52.00,88.00,4.50,0.00,3.50,5.00,2.00,5.00,0.00,205.00
Hin Pee Wee,Natural,Pinnacle,10/11/2023,NA,8,12,12,1,None,13,GlobalReef,9.50,7.50,15.00,0.00,3.50,0.00,2.00,3.50,1.50,1.50,1.00,0.50,22.50,0.00,30.50,0.00,0.00,0.00,0.00,1.00,17.50,5.50,0.00,122.50
Hin Pee Wee,Natural,Pinnacle,10/11/2023,NA,8,12,12,1,None,13,GlobalReef,8.50,12.50,13.00,0.50,6.50,0.00,4.00,3.50,1.50,1.00,1.00,0.50,0.00,0.00,105.50,0.00,0.00,0.00,0.00,0.50,13.50,2.50,0.00,174.50
No Name AR,Artificial,Fringing,10/11/2023,NA,8,19,18,1,None,13,GlobalReef,6.50,132.50,1.00,0.50,0.00,0.00,0.00,0.00,0.00,0.00,0.00,0.00,0.00,0.00,0.00,0.00,0.00,0.00,0.00,0.00,0.00,0.00,0.00,140.50
No Name AR,Artificial,Fringing,10/11/2023,NA,8,19,18,NA,None,13,GlobalReef,10.00,159.50,1.50,0.50,0.00,0.00,0.00,0.00,0.00,0.00,0.00,0.00,0.00,0.00,0.00,0.50,0.00,0.00,0.00,1.00,0.00,0.00,0.00,173.00
No Name AR,Artificial,Fringing,10/15/2023,NA,8,12,18,1,NA,4,GlobalReef,7.00,10.00,14.50,0.00,6.50,0.00,2.00,3.50,3.00,0.00,1.50,0.00,0.00,0.00,11.50,0.00,0.00,0.00,0.00,0.50,13.50,3.00,0.00,76.50
No Name AR,Artificial,Fringing,10/15/2023,NA,8,12,18,1,NA,4,GlobalReef,13.50,10.50,19.00,0.00,4.50,0.00,3.50,4.50,3.00,0.00,0.50,0.00,0.00,0.00,46.50,0.00,0.00,0.00,0.00,0.00,8.50,3.00,6.00,123.00
No Name AR,Artificial,Fringing,10/15/2023,NA,8,19,,1,NA,4,GlobalReef,8.75,25.00,6.25,0.25,0.25,0.00,0.00,0.00,0.00,5.25,0.00,0.00,0.00,0.00,0.00,0.00,0.00,0.00,0.00,0.25,0.00,0.50,0.00,46.50
No Name AR,Artificial,Fringing,10/15/2023,NA,8,19,18,1,NA,4,GlobalReef,6.25,34.50,6.00,0.50,0.75,0.00,0.00,0.00,0.00,6.00,0.00,0.00,0.25,0.00,0.00,0.00,0.00,0.00,7.50,1.25,0.00,2.25,0.00,65.25
No Name AR,Artificial,Fringing,12/09/2023,10:00,8,NA,7,1,Light,4,GlobalReef,4.00,13.00,12.00,1.50,7.50,0.50,0.00,2.00,0.00,0.00,0.00,0.50,0.00,0.00,0.00,0.00,0.00,0.00,1.00,2.00,21.00,5.50,0.00,70.50
No Name AR,Artificial,Fringing,01/01/2024,15:00,8,12,12,1,NA,0,GlobalReef,5.50,9.50,20.50,0.00,4.50,0.00,0.00,5.00,1.50,0.00,4.00,0.00,0.00,0.00,132.50,1.00,0.00,0.00,0.50,0.50,17.00,6.00,0.00,208.00
No Name AR,Artificial,Fringing,01/01/2024,10:00,8,18,NA,1,None,5,GlobalReef,7.00,13.00,14.00,2.00,8.00,0.00,0.00,2.00,0.00,1.00,1.00,0.00,0.00,0.00,1.00,37.00,0.00,1.00,0.00,3.00,30.00,2.00,120.00,242.00
No Name AR,Artificial,Fringing,01/01/2024,10:00,8,18,18,1,None,1,GlobalReef,5.25,26.25,10.00,2.50,2.00,1.25,0.50,2.75,0.50,2.25,0.00,1.00,0.00,0.00,1.00,19.50,1.25,0.00,7.50,102.00,20.75,2.50,106.25,315.00
No Name AR,Artificial,Fringing,01/01/2024,10:00,8,NA,7,1,None,4,GlobalReef,3.00,16.00,10.00,3.00,4.00,0.00,0.00,4.00,0.00,0.00,0.00,0.00,0.00,0.00,0.00,0.00,0.00,0.00,0.00,0.00,28.00,0.00,0.00,68.00
No Name AR,Artificial,Fringing,01/01/2024,8:00,8,20,7,1,None,4,GlobalReef,4.00,62.00,8.00,0.00,0.00,0.00,0.00,0.00,0.00,0.00,0.00,0.00,0.00,0.00,0.00,0.00,4.00,0.00,8.00,0.00,0.00,11.00,0.00,97.00
No Name AR,Artificial,Fringing,01/01/2024,9:30,8,23,7,1,Light,8,GlobalReef,4.50,6.50,7.00,0.00,0.00,0.00,0.00,1.00,0.00,1.00,0.00,0.00,0.00,0.00,45.00,63.00,1.00,0.00,0.00,2.00,0.50,3.50,0.00,135.00
No Name AR,Artificial,Fringing,01/01/2024,9:30,8,23,7,1,None,0,GlobalReef,2.00,8.75,3.50,0.00,1.25,0.00,0.00,0.00,0.00,0.50,0.00,0.00,0.00,0.00,33.50,129.50,1.75,0.00,1.00,0.00,1.00,2.50,0.00,185.25
No Name AR,Artificial,Fringing,01/06/2024,8:00,8,21,7,1,None,4,GlobalReef,22.00,27.00,18.00,3.00,3.00,2.00,1.00,3.00,0.00,17.00,0.00,6.00,0.00,1.00,17.00,0.00,0.00,0.00,2.00,8.00,19.00,5.00,220.00,374.00
No Name AR,Artificial,Fringing,01/25/2024,14:00,8,22,7,1,None,0,GlobalReef,1.00,2.00,1.50,0.00,0.00,0.00,0.00,0.00,0.00,0.00,0.00,0.00,0.00,0.00,0.00,0.00,1.50,0.00,0.50,0.00,0.00,4.00,0.50,11.00
No Name AR,Artificial,Fringing,02/01/2024,8:00,8,22,7,1,None,10,GlobalReef,0.75,34.50,4.75,0.75,0.00,0.00,0.00,2.50,0.25,0.00,0.00,1.00,0.00,0.00,0.00,1.50,5.50,0.00,2.00,1.50,2.75,5.50,0.00,63.25
No Name AR,Artificial,Fringing,02/12/2024,8:00,8,21,12,1,None,4,GlobalReef,17.25,15.00,12.25,0.00,2.50,0.00,0.00,0.00,0.00,6.50,0.00,2.25,0.00,0.00,7.25,11.50,0.50,0.00,5.00,2.75,11.25,3.75,130.00,227.75
No Name AR,Artificial,Fringing,02/23/2024,10:00,8,NA,12,1,NA,3,GlobalReef,5.00,17.00,14.00,3.50,4.50,0.00,2.50,3.00,0.00,0.00,0.00,1.00,0.00,0.00,0.00,0.00,0.00,0.00,0.50,1.00,19.00,3.50,0.00,74.50
No Name AR,Artificial,Fringing,02/23/2024,8:00,8,23,12,1,None,3,GlobalReef,0.50,32.00,3.00,0.00,0.00,0.00,0.00,0.50,0.00,0.00,0.00,0.00,0.00,0.00,0.00,0.50,0.50,0.00,2.50,0.00,2.00,6.00,0.00,47.50
No Name AR,Artificial,Fringing,03/01/2024,10:00,8,23,12,1,None,4,GlobalReef,5.25,17.00,9.00,0.00,2.25,1.00,0.00,1.50,0.50,0.75,0.25,0.25,0.00,0.00,38.50,195.50,5.75,0.00,0.25,0.75,4.50,2.50,0.00,285.50
No Name AR,Artificial,Fringing,03/04/2024,NA,8,NA,12,NA,NA,5,GlobalReef,10.50,8.50,14.00,1.00,7.50,0.00,0.00,2.00,0.00,0.00,0.00,2.00,0.00,0.00,0.00,0.00,1.00,0.00,6.50,4.50,20.50,2.00,0.00,80.00
No Name AR,Artificial,Fringing,03/04/2024,NA,8,NA,12,1,None,5,GlobalReef,6.50,35.50,7.50,0.00,0.00,0.00,0.00,2.50,0.00,0.00,0.00,1.00,0.00,0.00,0.00,0.00,2.50,0.00,4.50,0.50,8.00,10.00,0.00,78.50
No Name AR,Artificial,Fringing,03/11/2024,NA,8,24,12,NA,None,1,GlobalReef,8.50,15.00,9.50,0.00,3.50,0.00,4.00,5.00,0.00,0.00,6.50,2.00,0.00,0.00,15.00,0.00,0.00,0.00,0.00,0.50,9.00,1.50,0.00,80.00
No Name AR,Artificial,Fringing,03/11/2024,NA,8,NA,7,NA,NA,1,GlobalReef,2.50,6.00,1.50,0.00,0.00,0.00,0.00,0.00,0.00,0.00,0.00,0.00,0.00,0.00,0.00,5.50,30.00,0.00,16.50,0.00,0.00,0.50,0.00,62.50
No Name AR,Artificial,Fringing,03/17/2024,NA,8,NA,5,NA,NA,1,GlobalReef,11.50,12.50,12.00,0.00,2.50,0.00,2.50,0.50,1.50,0.00,41.50,0.00,0.00,0.00,130.00,0.00,0.50,0.00,0.50,0.50,7.50,1.50,0.00,225.00
No Name Pinnacle,Natural,Pinnacle,03/17/2024,NA,8,NA,5,NA,NA,1,GlobalReef,3.00,10.00,3.00,0.00,0.00,0.00,1.00,0.00,0.00,0.50,0.00,0.00,0.00,0.00,0.00,0.00,6.00,0.00,19.00,0.00,0.00,1.00,0.00,43.50
No Name Pinnacle,Natural,Pinnacle,03/29/2024,10:00,8,23,12,1,None,4,GlobalReef,1.25,3.50,6.50,3.00,3.50,0.25,0.50,4.75,0.00,1.50,0.00,0.50,0.25,0.00,0.00,2.00,0.00,0.00,0.25,22.75,25.50,0.25,48.75,125.00
No Name Pinnacle,Natural,Pinnacle,03/29/2024,8:00,8,21,12,1,None,2,GlobalReef,13.50,9.00,11.50,1.50,3.00,0.00,0.25,1.50,0.25,16.00,0.00,0.75,0.00,0.00,1.25,14.25,0.50,0.00,1.75,3.00,12.50,2.50,150.00,243.00
No Name Pinnacle,Natural,Pinnacle,03/29/2024,10:00,8,18,18,1,NA,1,GlobalReef,5.75,150.50,13.25,2.75,3.75,0.00,0.50,0.75,0.00,0.00,0.00,0.50,0.00,0.00,0.00,0.00,1.00,0.00,7.50,1.00,28.25,4.75,0.00,220.25
No Name Pinnacle,Natural,Pinnacle,03/29/2024,8:00,8,23,18,1,None,3,GlobalReef,7.00,31.00,10.50,0.00,0.50,0.00,0.00,0.50,0.00,0.00,0.00,0.00,0.00,0.00,0.00,4.50,3.00,0.00,20.00,1.00,8.50,9.50,0.00,96.00
No Name Pinnacle,Natural,Pinnacle,04/01/2024,14:00,8,12,12,1,NA,0,GlobalReef,7.00,2.00,11.00,0.00,2.00,0.00,0.50,2.50,0.50,0.00,1.50,0.50,0.00,0.25,13.00,0.00,0.00,0.00,1.00,0.50,12.00,2.75,0.00,57.00
No Name Pinnacle,Natural,Pinnacle,04/01/2024,10:00,8,20,18,1,None,6,GlobalReef,0.50,3.50,8.50,0.00,7.75,0.00,0.25,1.50,0.00,1.75,0.00,0.25,0.00,0.00,0.00,3.25,0.00,0.00,0.00,31.25,20.25,1.75,100.00,180.50
No Name Pinnacle,Natural,Pinnacle,04/01/2024,10:00,8,23,7,1,None,5,GlobalReef,0.00,4.50,3.50,0.00,2.50,0.00,0.00,2.00,0.00,0.00,0.00,0.00,0.00,0.00,31.00,94.00,0.50,0.00,0.00,0.50,0.00,1.50,0.00,140.00
No Name Pinnacle,Natural,Pinnacle,04/15/2024,14:00,8,23,7,1,None,0,GlobalReef,2.00,0.00,0.00,0.00,0.00,0.00,0.00,0.00,0.00,3.00,0.00,0.00,0.00,NA,0.00,21.00,0.00,0.00,2.00,0.00,1.00,3.00,0.00,32.00
No Name Pinnacle,Natural,Pinnacle,04/16/2024,10:00,8,15,18,1,NA,6,GlobalReef,3.25,4.75,5.25,1.75,3.25,0.00,0.00,1.50,0.25,0.00,0.00,0.00,0.00,0.00,0.00,0.00,0.00,0.00,1.25,3.50,21.00,2.00,0.00,47.75
No Name Pinnacle,Natural,Pinnacle,04/16/2024,8:00,8,23,12,1,None,6,GlobalReef,3.75,3.25,7.25,0.75,0.00,0.00,0.00,0.00,0.00,0.75,0.00,0.00,0.00,0.00,0.00,0.00,7.50,0.00,3.25,1.25,4.75,6.25,0.00,38.75
No Name Pinnacle,Natural,Pinnacle,04/24/2024,7:25,8,NA,15,NA,NA,2,GlobalReef,5.38,3.63,11.63,0.63,2.63,1.00,0.00,0.88,0.00,0.00,0.00,0.13,0.00,0.00,0.00,0.00,0.00,0.00,1.25,2.63,22.50,1.50,0.00,53.79
No Name Pinnacle,Natural,Pinnacle,05/01/2024,15:00,8,12,12,1,NA,0,GlobalReef,8.50,4.50,7.50,0.00,1.00,0.00,2.00,3.50,0.00,0.00,0.00,0.00,0.00,0.00,50.00,0.00,0.00,0.00,1.00,0.00,8.50,2.00,0.00,88.50
No Name Pinnacle,Natural,Pinnacle,05/11/2024,14:00,8,23,12,1,None,0,GlobalReef,0.00,0.00,1.00,0.50,0.00,0.00,0.00,0.00,0.00,0.00,0.00,0.00,0.00,0.00,0.00,1.50,4.00,0.00,2.00,0.00,0.50,2.50,0.00,12.00
No Name Pinnacle,Natural,Pinnacle,05/28/2024,13:00,8,16,18,1,Light,1,GlobalReef,11.17,20.33,7.50,3.67,2.83,0.00,2.83,3.33,1.00,0.00,0.00,0.33,0.00,0.00,0.00,0.00,1.00,0.00,1.67,2.67,17.00,1.67,0.00,77.00
No Name Pinnacle,Natural,Pinnacle,05/28/2024,13:00,8,23,18,1,None,1,GlobalReef,22.67,44.50,5.50,3.50,0.50,0.00,0.00,2.17,0.00,0.50,0.00,0.00,0.00,0.00,0.00,0.83,5.00,0.00,2.17,0.67,5.17,8.00,0.00,101.18
No Name Pinnacle,Natural,Pinnacle,06/01/2024,9:30,8,23,15,1,Light,3,GlobalReef,4.00,22.50,14.00,1.00,2.00,0.00,0.00,4.50,0.00,6.50,8.00,0.00,0.00,0.00,87.00,168.00,3.50,1.00,5.00,6.50,11.00,2.50,0.00,347.00
No Name Pinnacle,Natural,Pinnacle,06/01/2024,9:30,8,23,7,3,Light,2,GlobalReef,7.00,12.00,9.00,1.50,2.00,0.00,0.00,2.50,0.00,4.00,0.00,0.00,0.00,0.00,48.50,37.50,13.50,0.00,3.50,0.50,7.50,8.50,0.00,157.50
No Name Pinnacle,Natural,Pinnacle,06/01/2024,10:00,8,23,15,3,None,6,GlobalReef,6.00,17.50,8.50,0.00,0.00,0.00,0.00,1.00,0.00,3.00,0.00,0.00,0.00,0.00,68.50,92.50,6.00,0.00,8.50,0.00,3.00,3.00,0.00,217.50
No Name Pinnacle,Natural,Pinnacle,06/05/2024,13:40,8,12,6,1,None,1,GlobalReef,1.50,5.50,3.00,0.00,2.75,0.00,0.50,1.25,0.00,0.00,0.25,0.00,0.00,0.00,40.75,0.50,0.00,0.00,0.75,0.50,7.00,0.25,0.00,64.50
No Name Pinnacle,Natural,Pinnacle,06/05/2024,13:10,8,23,5,1,None,0,GlobalReef,0.50,30.00,5.75,0.00,0.00,0.50,0.00,0.00,0.00,1.75,0.00,0.00,0.00,0.00,0.00,17.25,7.75,NA,6.75,0.25,1.00,2.00,0.00,73.50
No Name Pinnacle,Natural,Pinnacle,06/11/2024,13:40,8,12,10,2,None,2,GlobalReef,4.33,4.17,6.17,0.08,0.83,0.00,1.42,3.17,0.50,0.00,0.00,0.25,0.00,0.00,15.08,0.00,0.08,0.00,0.25,0.25,9.17,0.25,0.00,46.00
No Name Pinnacle,Natural,Pinnacle,06/11/2024,13:30,8,23,5,2,Medium,2,GlobalReef,1.00,7.00,2.00,0.00,0.00,0.00,0.00,0.00,0.00,2.75,0.00,0.00,0.00,0.00,1.50,0.50,7.25,0.00,1.50,0.25,0.25,0.25,37.50,61.75
No Name Pinnacle,Natural,Pinnacle,06/14/2024,10:20,8,16,20,1,None,5,GlobalReef,13.00,14.00,6.50,1.00,0.50,0.00,0.00,4.00,0.50,0.00,0.00,1.50,0.00,0.00,0.00,0.00,0.50,0.00,1.00,2.00,27.00,4.00,0.00,75.50
No Name Pinnacle,Natural,Pinnacle,06/14/2024,10:00,8,23,15,1,None,5,GlobalReef,20.00,17.00,4.50,2.00,0.00,0.00,0.00,1.00,0.00,2.00,0.00,0.00,0.00,0.00,0.00,0.00,6.00,0.00,2.00,2.00,2.00,1.00,100.00,159.50
No Name Pinnacle,Natural,Pinnacle,06/16/2024,10:00,8,21,12,1,None,4,GlobalReef,7.63,35.88,7.00,1.13,1.63,0.13,0.00,3.50,0.00,0.38,0.75,1.00,0.00,0.00,1.13,8.88,0.38,0.00,1.75,9.75,13.25,1.00,1018.88,1114.05
No Name Pinnacle,Natural,Pinnacle,06/16/2024,10:00,8,21,15,1,None,3,GlobalReef,9.50,14.50,6.75,0.75,3.75,0.00,0.00,1.75,0.00,3.00,0.00,0.50,0.00,0.00,1.50,10.50,1.25,0.00,1.25,3.75,11.50,2.00,165.00,237.25
No Name Pinnacle,Natural,Pinnacle,06/16/2024,10:00,8,21,15,1,None,3,GlobalReef,10.75,23.25,6.00,0.00,2.00,0.00,0.00,1.75,0.25,4.25,0.00,0.25,0.00,0.00,1.50,6.75,0.25,0.00,0.50,8.75,7.00,1.75,307.50,382.50
No Name Pinnacle,Natural,Pinnacle,06/17/2024,13:15,8,23,7,3,None,1,GlobalReef,4.63,19.13,9.88,0.13,0.00,0.50,0.00,0.00,0.00,2.63,0.00,0.25,0.00,0.00,18.13,4.25,20.25,0.00,2.88,1.00,5.13,3.38,0.00,92.17
No Name Pinnacle,Natural,Pinnacle,06/24/2024,9:30,8,17,15,1,Light,3,GlobalReef,8.75,9.75,7.75,0.50,3.75,2.25,2.25,2.75,0.00,0.00,2.00,0.50,1.25,0.00,0.25,0.00,0.25,0.00,5.50,21.25,23.50,12.25,495.00,599.50
No Name Pinnacle,Natural,Pinnacle,06/24/2024,9:30,8,18,15,2,None,2,GlobalReef,6.25,10.75,10.50,2.75,5.25,2.00,0.00,1.50,0.00,1.25,0.00,1.25,0.50,0.50,0.00,5.25,0.00,0.00,12.50,20.25,32.25,0.50,184.25,297.50
No Name Pinnacle,Natural,Pinnacle,06/24/2024,10:00,8,18,18,3,None,6,GlobalReef,3.75,3.25,11.50,1.25,4.50,0.50,0.50,2.50,0.50,1.00,5.25,0.50,0.50,0.00,0.00,98.75,0.25,0.25,1.25,29.75,22.75,0.75,498.00,687.25
No Name Wreck,Artificial,Shipwreck,06/27/2024,14:50,8,12,10,3,None,1,GlobalReef,6.00,2.50,6.92,0.00,2.00,0.00,1.17,2.75,0.75,0.00,0.58,0.08,0.00,0.83,33.75,0.00,0.08,0.00,0.67,0.25,9.50,0.83,0.00,68.66
No Name Wreck,Artificial,Shipwreck,06/30/2024,10:00,8,NA,6,NA,Light,3,GlobalReef,1.83,41.50,2.33,0.00,0.00,0.00,0.00,0.33,0.00,0.17,0.00,0.00,0.00,0.00,0.00,1.17,2.33,0.00,0.17,0.00,4.67,1.00,0.00,55.50
No Name Wreck,Artificial,Shipwreck,07/01/2024,10:00,8,NA,15,NA,None,12,GlobalReef,9.75,33.25,13.63,0.25,1.25,0.50,0.13,3.75,0.00,1.75,65.00,0.50,0.00,0.00,62.63,56.88,4.38,0.00,6.88,4.63,4.25,4.88,0.00,274.29
No Name Wreck,Artificial,Shipwreck,07/01/2024,9:30,8,NA,NA,NA,NA,NA,GlobalReef,4.25,14.08,6.67,0.00,0.00,0.00,0.17,5.33,0.08,0.42,0.00,0.50,0.00,0.00,63.17,90.33,8.25,0.00,15.25,0.08,4.75,NA,0.00,213.33
No Name Wreck,Artificial,Shipwreck,07/08/2024,9:30,8,NA,20,1,NA,3,GlobalReef,2.75,41.50,7.75,1.75,0.00,0.00,0.00,4.25,0.00,1.50,15.00,1.25,0.00,0.00,78.50,107.25,5.75,0.00,20.50,0.00,3.00,3.00,0.00,293.75
No Name Wreck,Artificial,Shipwreck,07/24/2024,7:30,8,NA,10,NA,NA,3,GlobalReef,10.00,4.13,9.63,1.00,1.75,0.75,0.13,1.25,0.00,3.13,0.00,1.38,0.00,0.00,0.50,13.38,0.25,0.00,1.00,1.63,8.13,1.00,103.88,162.92
No Name Wreck,Artificial,Shipwreck,07/24/2024,9:30,8,NA,15,NA,None,2,GlobalReef,15.82,26.64,12.36,1.91,2.82,2.09,0.09,2.82,0.18,1.73,0.64,1.27,0.00,0.00,1.82,22.45,0.18,0.00,2.36,7.09,12.27,3.73,684.27,802.54
No Name Wreck,Artificial,Shipwreck,07/24/2024,7:30,8,NA,20,NA,Light,4,GlobalReef,8.38,48.00,7.00,1.00,0.00,0.13,0.00,1.38,0.00,0.13,0.00,0.13,0.00,0.00,0.00,1.50,6.25,0.00,2.50,3.75,7.38,3.13,0.00,90.66
No Name Wreck,Artificial,Shipwreck,07/26/2024,10:00,8,15.7,12,NA,None,6,GlobalReef,3.06,8.38,6.31,0.75,2.25,0.38,0.25,3.00,0.13,0.56,0.44,0.13,0.00,0.00,0.00,38.31,0.19,0.00,5.13,15.06,24.94,0.50,44.40,154.17
No Name Wreck,Artificial,Shipwreck,07/29/2024,15:00,8,NA,10,NA,None,4,GlobalReef,3.17,8.33,10.00,2.50,1.50,0.50,0.50,2.17,0.50,0.00,0.17,0.00,0.00,0.00,82.33,0.00,0.17,0.00,0.00,0.17,12.67,2.00,0.00,126.68
No Name Wreck,Artificial,Shipwreck,07/29/2024,13:00,8,NA,10,NA,None,4,GlobalReef,1.50,17.00,3.17,0.17,0.00,2.83,0.00,0.00,0.00,0.17,0.00,0.00,0.00,0.00,0.00,3.50,4.67,0.00,4.17,0.50,0.67,1.83,0.00,40.18
No Name Wreck,Artificial,Shipwreck,08/01/2024,NA,8,NA,NA,NA,NA,NA,GlobalReef,5.50,7.50,12.50,1.50,5.67,0.00,2.00,3.00,2.00,0.00,12.00,0.00,0.00,0.00,8.75,0.00,0.00,0.00,0.00,1.00,17.00,1.00,0.00,79.42
No Name Wreck,Artificial,Shipwreck,08/01/2024,NA,8,NA,NA,NA,NA,NA,GlobalReef,7.25,5.38,11.63,0.00,2.63,0.00,1.00,3.38,1.00,0.00,0.00,0.13,0.00,0.50,56.75,0.00,0.00,0.25,0.75,0.88,16.63,6.00,0.00,114.16
No Name Wreck,Artificial,Shipwreck,08/01/2024,NA,8,NA,NA,NA,NA,NA,GlobalReef,8.88,26.63,8.25,2.75,0.00,0.00,0.00,1.63,0.00,0.00,0.00,0.63,0.00,0.00,0.00,1.00,5.00,0.00,8.50,0.13,9.13,8.00,163.75,244.28
No Name Wreck,Artificial,Shipwreck,08/07/2024,9:30,8,NA,NA,NA,NA,4,GlobalReef,2.75,15.00,8.75,1.25,5.75,0.50,1.00,1.00,0.50,0.00,13.50,0.50,0.00,0.00,0.00,51.25,0.00,0.50,1.25,27.25,21.25,2.00,157.50,311.50
No Name Wreck,Artificial,Shipwreck,08/08/2024,7:30,8,19,10,3,None,2,GlobalReef,3.50,18.25,12.38,1.13,2.75,0.00,0.88,0.63,0.50,0.00,0.00,0.75,0.00,0.00,0.00,0.13,0.00,0.00,11.88,0.13,18.75,1.75,0.00,73.41
No Name Wreck,Artificial,Shipwreck,08/11/2024,10:00,8,16.1,20,1,None,5,GlobalReef,8.25,43.25,6.50,0.00,1.75,1.00,1.25,2.75,0.00,0.50,0.00,0.25,0.00,0.00,0.00,68.50,0.50,0.00,2.25,128.00,19.00,1.75,188.75,474.25
No Name Wreck,Artificial,Shipwreck,08/11/2024,10:00,8,22,20,1,None,3,GlobalReef,2.75,29.75,4.00,0.00,0.50,0.00,0.00,1.50,0.25,1.75,7.50,0.50,0.00,0.00,47.50,63.00,3.75,0.00,2.00,0.75,0.00,1.50,0.00,167.00
No Name Wreck,Artificial,Shipwreck,08/18/2024,NA,8,24,NA,NA,NA,2,GlobalReef,0.00,5.00,5.00,0.00,0.00,1.00,0.00,0.00,0.00,0.00,0.00,0.00,0.00,0.00,0.00,10.00,0.00,0.00,2.00,0.00,0.00,1.00,0.00,24.00
No Name Wreck,Artificial,Shipwreck,08/19/2024,9:17,8,15,20,1,None,6,GlobalReef,8.25,7.50,15.25,2.75,4.25,0.75,0.50,5.75,1.25,0.75,3.75,0.25,0.00,0.00,0.00,40.00,0.00,0.00,1.25,64.25,19.25,2.00,171.00,348.75
No Name Wreck,Artificial,Shipwreck,08/19/2024,7:10,8,15,20,1,None,2,GlobalReef,14.33,16.33,13.00,1.00,1.67,2.00,0.00,3.00,0.00,10.33,0.00,2.67,0.00,0.00,0.67,14.00,1.33,0.00,2.00,5.33,10.33,3.00,316.67,417.66
No Name Wreck,Artificial,Shipwreck,08/19/2024,NA,8,22,20,1,None,4,GlobalReef,3.75,10.00,10.25,0.75,0.25,0.00,0.00,4.25,0.00,3.25,18.25,0.00,1.00,0.00,62.75,86.50,10.25,0.00,2.25,7.75,1.50,5.00,0.00,227.75
No Name Wreck,Artificial,Shipwreck,08/24/2024,10:00,8,15,8,1,None,4,GlobalReef,5.50,20.75,10.00,1.25,2.25,0.50,0.00,1.25,0.00,6.25,0.00,0.00,0.00,0.00,0.00,32.50,2.25,0.00,0.50,8.50,23.25,8.25,97.50,220.50
No Name Wreck,Artificial,Shipwreck,08/25/2024,10:05,8,NA,20,3,None,4,GlobalReef,12.25,20.00,10.50,0.25,1.00,1.25,0.00,3.00,0.25,8.75,0.00,1.00,0.00,0.00,0.25,9.50,0.25,0.00,1.00,5.75,13.50,2.00,300.00,390.50
No Name Wreck,Artificial,Shipwreck,08/25/2024,10:00,8,19,15,3,NA,4,GlobalReef,3.88,7.63,5.63,0.75,1.25,0.63,0.88,0.75,0.00,0.00,0.50,0.00,0.00,0.00,0.00,0.00,0.00,0.00,0.25,2.38,10.50,2.63,0.00,37.66
No Name Wreck,Artificial,Shipwreck,08/26/2024,10:00,8,22,12,1,None,4,GlobalReef,6.20,69.00,6.40,2.20,0.00,0.00,0.00,5.00,0.20,4.00,44.40,0.00,0.20,0.00,64.80,37.60,14.80,0.00,0.60,0.00,1.80,3.20,0.00,260.40
No Name Wreck,Artificial,Shipwreck,09/01/2024,10:00,8,15,8,4,None,0,GlobalReef,4.25,16.75,9.25,2.50,3.50,0.50,0.00,1.00,0.00,2.00,18.25,0.50,0.00,0.00,0.00,52.50,0.25,0.00,1.75,5.25,18.25,1.25,167.75,305.50
No Name Wreck,Artificial,Shipwreck,09/01/2024,10:00,8,19,12,5,NA,3,GlobalReef,5.75,9.25,8.00,0.75,1.25,0.25,0.75,1.50,0.00,0.50,0.00,0.25,0.00,0.00,0.00,0.00,0.00,0.00,0.50,2.50,15.00,4.25,0.00,50.50
No Name Wreck,Artificial,Shipwreck,09/01/2024,10:00,8,22,12,3,None,0,GlobalReef,6.75,11.50,13.00,0.00,0.00,1.00,0.00,3.50,0.25,6.25,57.25,2.75,1.00,0.50,51.50,75.75,10.50,0.00,2.50,2.50,4.25,2.25,0.50,253.50
Sattakut,Artificial,Shipwreck,09/02/2024,10:00,8,22,5,3,None,0,GlobalReef,3.00,24.50,5.50,1.00,0.00,0.00,0.00,0.00,0.00,3.50,45.50,1.00,0.00,0.00,23.50,36.50,5.00,0.00,2.50,0.00,0.00,3.50,0.00,155.00
Sattakut,Artificial,Shipwreck,09/02/2024,10:00,8,22,5,3,None,0,GlobalReef,4.00,57.75,11.00,0.00,0.00,0.00,0.25,0.75,0.25,3.25,38.50,0.00,1.00,0.00,82.75,88.75,9.25,0.00,5.75,26.00,2.75,1.00,49.50,382.50
Sattakut,Artificial,Shipwreck,09/04/2024,10:00,8,15,5,4,None,3,GlobalReef,2.00,41.75,4.50,0.75,2.25,0.00,0.00,3.25,0.00,2.25,3.75,0.50,0.00,0.00,0.25,39.25,0.00,0.00,0.50,6.25,16.50,0.50,250.00,374.25
Sattakut,Artificial,Shipwreck,09/16/2024,NA,8,NA,NA,NA,NA,0,GlobalReef,3.33,8.67,14.00,2.00,6.33,0.00,0.33,2.67,3.00,0.00,2.00,0.00,0.00,0.00,155.67,0.00,0.00,0.00,2.33,1.00,10.33,1.67,283.33,496.66
Sattakut,Artificial,Shipwreck,09/16/2024,NA,8,NA,NA,NA,NA,NA,GlobalReef,4.25,6.50,11.50,0.25,2.75,0.00,0.00,1.75,1.00,0.00,0.75,0.00,0.00,0.00,111.00,0.00,0.00,0.00,1.25,1.25,6.75,1.25,62.50,212.75
Sattakut,Artificial,Shipwreck,09/16/2024,NA,8,NA,NA,NA,NA,NA,GlobalReef,7.25,48.50,5.75,0.00,0.00,0.00,0.00,0.00,0.00,1.00,0.00,0.25,0.00,0.00,0.50,15.00,7.75,0.00,4.50,5.25,1.50,1.75,0.00,99.00
Sattakut,Artificial,Shipwreck,09/16/2024,NA,8,NA,NA,NA,NA,NA,GlobalReef,2.00,21.67,3.67,0.00,0.00,0.00,0.00,0.00,0.00,0.67,0.00,0.33,0.00,0.00,0.00,17.00,6.00,0.00,2.00,2.00,1.67,7.67,0.00,64.68
Sattakut,Artificial,Shipwreck,09/22/2024,NA,8,NA,NA,NA,NA,NA,GlobalReef,8.50,9.25,15.00,0.00,2.00,0.00,1.00,5.00,0.00,0.00,0.75,0.00,0.00,0.00,49.50,0.00,0.25,0.00,0.50,0.50,10.00,0.50,0.00,102.75
Sattakut,Artificial,Shipwreck,09/22/2024,NA,8,NA,NA,NA,NA,NA,GlobalReef,1.00,13.50,5.00,0.00,0.00,1.00,0.00,0.00,0.00,0.00,0.00,0.00,0.00,0.00,0.00,17.00,9.00,0.00,1.50,1.00,0.50,0.50,0.00,50.00
Sattakut,Artificial,Shipwreck,09/24/2024,13:00,8,12,12,1,None,2,GlobalReef,15.75,12.00,16.00,0.50,4.50,0.00,2.25,4.25,2.00,0.00,0.50,1.00,0.00,0.00,91.50,0.00,0.00,0.00,1.25,2.00,13.50,4.50,0.00,171.50
Sattakut,Artificial,Shipwreck,09/24/2024,NA,8,NA,NA,NA,NA,NA,GlobalReef,4.00,18.00,27.50,2.50,1.25,0.75,0.25,3.50,0.00,0.25,7.75,1.00,0.00,0.00,0.00,14.00,0.50,0.00,1.50,7.25,17.50,6.75,242.50,356.75
Chumphon,Natural,Pinnacle,10/01/2024,13:15,8,18,8,5,Medium,2,GlobalReef,1.75,25.5,4.5,1.5,0.25,1.5,0.25,0,0,0.5,0.5,0.25,0,0,0,25,0,0,0.75,0,5.25,1,0,68.50
Chumphon,Natural,Pinnacle,10/01/2024,13:15,8,18,8,5,Medium,2,GlobalReef,1.75,24.5,10.25,0.25,0.75,0.5,0.5,0.75,0,0,0.5,0.75,0,0,10,0,0,0,3.25,0.25,5.25,0.75,0,60.00
Green Rock,Natural,Fringing,10/01/2024,NA,8,12,NA,NA,NA,3,GlobalReef,15,25.5,18.5,0,8.5,0,2.5,3.5,0,0,0,0,0,0,48.5,0,0,0,1,0.5,8,0,0,131.50
Green Rock,Natural,Fringing,10/01/2024,NA,8,12,NA,NA,NA,3,GlobalReef,34,8,13,0,3,0,3,5,0,0,0,0,0,0,2,0,0,0,0,3,13,0,130,214.00
Green Rock,Natural,Fringing,10/01/2024,NA,8,12,NA,NA,NA,3,GlobalReef,40,7,27,0,6,0,1,7,0,0,2,0,0,0,1,0,0,0,0,2,5,0,90,188.00
Sattakut,Artificial,Shipwreck,10/01/2024,13:15,8,18,8,5,Medium,2,GlobalReef,1.75,25.50,4.50,1.50,0.25,1.50,0.25,0.00,0.00,0.50,0.50,0.25,0.00,0.00,0.00,25.00,0.00,0.00,0.75,0.00,5.25,1.00,0.00,68.50
Sattakut,Artificial,Shipwreck,10/01/2024,13:15,8,18,8,5,Medium,2,GlobalReef,1.75,24.50,10.25,0.25,0.75,0.50,0.50,0.75,0.00,0.00,0.50,0.75,0.00,0.00,10.00,0.00,0.00,0.00,3.25,0.25,5.25,0.75,0.00,60.00
Sattakut,Artificial,Shipwreck,10/01/2024,NA,8,12,NA,NA,NA,3,GlobalReef,15.00,25.50,18.50,0.00,8.50,0.00,2.50,3.50,0.00,0.00,0.00,0.00,0.00,0.00,48.50,0.00,0.00,0.00,1.00,0.50,8.00,0.00,0.00,131.50
Sattakut,Artificial,Shipwreck,10/01/2024,NA,8,12,NA,NA,NA,3,GlobalReef,34.00,8.00,13.00,0.00,3.00,0.00,3.00,5.00,0.00,0.00,0.00,0.00,0.00,0.00,2.00,0.00,0.00,0.00,0.00,3.00,13.00,0.00,130.00,214.00
Sattakut,Artificial,Shipwreck,10/01/2024,NA,8,12,NA,NA,NA,3,GlobalReef,40.00,7.00,27.00,0.00,6.00,0.00,1.00,7.00,0.00,0.00,2.00,0.00,0.00,0.00,1.00,0.00,0.00,0.00,0.00,2.00,5.00,0.00,90.00,188.00
Sattakut,Artificial,Shipwreck,10/01/2024,NA,8,NA,NA,NA,NA,NA,GlobalReef,9.50,9.17,11.33,3.33,6.83,0.00,1.33,3.67,0.83,0.17,0.00,2.00,0.00,0.00,0.00,0.00,0.00,0.00,2.83,2.67,8.50,7.67,1.00,70.83
Sattakut,Artificial,Shipwreck,10/02/2024,10:00,8,NA,18,NA,Light,3,GlobalReef,11.83,13.33,8.83,0.17,0.00,0.83,0.17,1.50,0.00,0.00,0.00,0.67,0.00,0.00,0.50,1.17,5.17,0.00,6.67,8.83,4.50,9.67,0.00,73.84
Sattakut,Artificial,Shipwreck,10/07/2024,8:00,8,20,12,1,None,2,GlobalReef,3.00,127.00,12.50,0.00,0.00,0.00,0.00,0.00,0.00,1.00,0.00,0.00,0.00,0.00,1.00,1.00,1.00,0.00,0.00,0.50,1.50,0.00,0.00,148.50
Sattakut,Artificial,Shipwreck,10/08/2024,NA,8,26.5,5,1,None,2,GlobalReef,0.67,12.50,4.83,0.00,0.00,0.00,0.00,0.00,0.00,0.00,0.00,0.00,0.00,0.00,0.00,9.17,3.83,0.00,0.83,0.33,0.17,0.67,0.00,33.00
Sattakut,Artificial,Shipwreck,10/08/2024,NA,8,26.5,5,1,None,2,GlobalReef,0.17,9.67,7.50,0.00,0.00,0.00,0.00,0.00,0.00,0.50,0.00,0.00,0.00,0.00,0.00,14.50,2.17,0.00,0.33,0.33,0.50,1.00,0.00,36.67
Sattakut,Artificial,Shipwreck,10/09/2024,9:00,8,16,15,5,None,6,GlobalReef,2.92,5.17,7.83,0.42,3.33,0.25,0.42,1.83,0.00,0.92,2.00,0.00,0.00,0.00,0.08,22.08,0.25,0.00,5.50,12.58,13.92,4.67,137.83,222.00
Sattakut,Artificial,Shipwreck,10/09/2024,8:00,8,16.5,12,3,None,3,GlobalReef,6.50,34.50,7.50,2.00,5.00,0.00,1.00,0.50,0.00,0.00,0.00,1.00,0.00,0.50,0.00,0.00,0.00,0.00,0.00,2.00,10.00,2.00,0.00,72.50
Sattakut,Artificial,Shipwreck,10/09/2024,8:00,8,16.5,12,3,None,3,GlobalReef,8.00,57.00,5.50,2.00,5.00,0.00,0.50,0.00,0.00,0.00,0.00,0.00,0.00,0.00,0.00,0.00,0.00,0.00,0.50,1.50,12.50,3.00,0.00,95.50
Sattakut,Artificial,Shipwreck,10/09/2024,8:00,8,22.5,18,3,None,2,GlobalReef,6.00,38.00,4.00,1.50,0.00,2.50,0.00,1.75,0.75,0.75,0.00,0.00,0.00,0.00,0.25,0.75,6.75,0.00,3.00,2.25,3.75,4.25,0.00,76.25
Sattakut,Artificial,Shipwreck,10/09/2024,8:00,8,22.5,18,3,None,2,GlobalReef,7.00,43.50,5.00,1.00,0.00,2.00,0.00,1.50,0.75,0.75,0.00,0.00,0.00,0.00,0.25,0.75,6.50,0.00,8.00,3.25,4.75,3.50,0.00,88.50
Sattakut,Artificial,Shipwreck,10/15/2024,8:00,8,19,10,1,None,5,GlobalReef,3.00,14.50,17.00,2.50,2.00,0.00,0.00,0.00,0.00,0.00,1.00,0.00,0.00,1.50,4.50,38.50,1.00,0.00,17.00,6.00,9.00,4.00,445.00,566.50
Sattakut,Artificial,Shipwreck,10/15/2024,10:00,8,19,10,1,None,5,GlobalReef,3.00,30.00,6.00,0.50,1.00,0.00,0.00,0.00,0.00,0.00,2.50,0.00,0.00,0.00,2.00,47.00,0.50,0.00,3.50,9.50,5.00,1.50,65.00,177.00
Sattakut,Artificial,Shipwreck,10/15/2024,8:00,8,19,10,1,None,5,GlobalReef,3.00,27.00,12.00,1.50,0.50,0.00,0.00,0.00,0.00,0.00,3.00,0.00,0.00,0.00,1.50,5.00,1.50,0.00,15.50,4.00,8.00,5.00,0.00,87.50
Sattakut,Artificial,Shipwreck,10/15/2024,10:00,8,19,10,1,None,5,GlobalReef,5.00,26.50,9.50,1.50,0.50,0.00,0.00,0.00,0.00,0.00,8.00,0.00,0.00,1.00,1.50,23.00,1.50,0.00,14.00,2.50,4.50,2.50,0.00,101.50
Sattakut,Artificial,Shipwreck,10/15/2024,8:00,8,19,10,1,None,5,GlobalReef,2.00,13.25,5.50,0.75,0.75,0.00,0.00,0.00,0.00,0.25,5.50,0.00,0.00,0.00,6.75,8.00,2.00,0.00,7.00,1.00,5.50,3.75,189.25,251.25
Sattakut,Artificial,Shipwreck,10/15/2024,10:00,8,16,10,1,None,5,GlobalReef,0.50,16.75,7.25,0.75,0.50,0.00,0.00,0.00,0.00,0.00,10.25,0.00,0.00,0.00,0.75,20.75,1.75,0.00,4.00,0.00,11.25,3.50,1.50,79.50
Sattakut,Artificial,Shipwreck,10/15/2024,8:00,8,16,10,1,None,5,GlobalReef,5.75,14.75,5.25,1.00,1.00,0.00,0.00,0.00,0.00,0.00,5.25,0.00,0.00,0.00,3.00,34.25,0.00,0.00,1.75,0.33,4.25,1.75,0.00,78.33
Sattakut,Artificial,Shipwreck,10/15/2024,10:00,8,16,10,1,None,5,GlobalReef,0.50,11.75,1.50,1.50,0.00,0.00,0.00,0.00,0.00,0.00,3.50,0.00,0.00,0.00,1.25,27.75,0.00,0.00,1.00,0.25,3.50,0.75,26.00,79.25
Southwest,Natural,Pinnacle,10/15/2024,8:00,8,16,10,1,None,5,GlobalReef,2.00,15.25,5.25,0.75,1.25,0.00,0.00,0.25,0.25,0.00,5.50,0.00,0.00,0.00,18.75,32.75,0.00,0.00,5.00,2.50,3.25,0.50,43.25,136.50
Southwest,Natural,Pinnacle,10/15/2024,10:00,8,16,10,1,None,5,GlobalReef,0.50,17.75,4.00,0.75,1.00,0.00,0.00,0.00,0.00,0.00,5.00,0.00,0.25,0.00,0.50,24.25,0.25,0.00,6.25,1.75,2.00,0.00,5.00,69.25
Southwest,Natural,Pinnacle,10/15/2024,8:00,8,19,10,1,None,5,GlobalReef,3,14.5,17,2.5,2,0,0,0,0,0,1,0,0,1.5,4.5,38.5,1,0,17,6,9,4,445,566.50
Southwest,Natural,Pinnacle,10/15/2024,10:00,8,19,10,1,None,5,GlobalReef,3,30,6,0.5,1,0,0,0,0,0,2.5,0,0,0,2,47,0.5,0,3.5,9.5,5,1.5,65,177.00
Southwest,Natural,Pinnacle,10/15/2024,8:00,8,19,10,1,None,5,GlobalReef,3,27,12,1.5,0.5,0,0,0,0,0,3,0,0,0,1.5,5,1.5,0,15.5,4,8,5,0,87.50
Southwest,Natural,Pinnacle,10/15/2024,10:00,8,19,10,1,None,5,GlobalReef,5,26.5,9.5,1.5,0.5,0,0,0,0,0,8,0,0,1,1.5,23,1.5,0,14,2.5,4.5,2.5,0,101.50
Southwest,Natural,Pinnacle,10/15/2024,8:00,8,19,10,1,None,5,GlobalReef,2,13.25,5.5,0.75,0.75,0,0,0,0,0.25,5.5,0,0,0,6.75,8,2,0,7,1,5.5,3.75,189.25,251.25
Southwest,Natural,Pinnacle,10/15/2024,10:00,8,16,10,1,None,5,GlobalReef,0.5,16.75,7.25,0.75,0.5,0,0,0,0,0,10.25,0,0,0,0.75,20.75,1.75,0,4,0,11.25,3.5,1.5,79.50
Southwest,Natural,Pinnacle,10/15/2024,8:00,8,16,10,1,None,5,GlobalReef,5.75,14.75,5.25,1,1,0,0,0,0,0,5.25,0,0,0,3,34.25,0,0,1.75,0.33333333,4.25,1.75,0,78.33
Southwest,Natural,Pinnacle,10/15/2024,10:00,8,16,10,1,None,5,GlobalReef,0.5,11.75,1.5,1.5,0,0,0,0,0,0,3.5,0,0,0,1.25,27.75,0,0,1,0.25,3.5,0.75,26,79.25
Southwest,Natural,Pinnacle,10/15/2024,8:00,8,16,10,1,None,5,GlobalReef,2,15.25,5.25,0.75,1.25,0,0,0.25,0.25,0,5.5,0,0,0,18.75,32.75,0,0,5,2.5,3.25,0.5,43.25,136.50
Southwest,Natural,Pinnacle,10/15/2024,10:00,8,16,10,1,None,5,GlobalReef,0.5,17.75,4,0.75,1,0,0,0,0,0,5,0,0.25,0,0.5,24.25,0.25,0,6.25,1.75,2,0,5,69.25
Shark Island,Natural,Pinnacle,10/21/2024,10:00,8,21,12,1,Light,1,GlobalReef,4.00,8.50,5.00,0.00,0.50,0.00,0.00,1.50,0.00,0.00,0.00,0.00,0.00,0.00,0.00,0.00,1.00,0.00,0.00,1.00,4.00,6.00,717.50,749.00
Shark Island,Natural,Pinnacle,10/25/2024,7:40,8,26.5,2,1,None,2,GlobalReef,0.50,8.25,4.25,0.00,0.00,0.00,0.00,0.00,0.00,0.75,0.00,0.00,0.00,0.00,0.50,4.25,0.50,0.00,1.25,7.75,0.00,0.75,0.00,28.75
Southwest,Natural,Pinnacle,10/25/2024,9:15,8,12,12,1,None,3,GlobalReef,19.00,27.25,22.00,2.25,3.25,0.00,0.50,4.75,0.00,0.00,2.50,0.50,0.00,0.00,5.75,0.00,0.00,0.00,0.25,0.50,12.50,0.75,0.00,101.75
Southwest,Natural,Pinnacle,10/25/2024,9:15,8,12,12,1,None,3,GlobalReef,8.67,14.22,19.44,0.00,1.67,0.00,1.33,3.22,0.89,0.22,3.67,0.56,0.00,0.22,78.11,0.22,0.11,0.00,0.67,3.11,13.44,1.22,0.00,150.99
Shark Island,Natural,Pinnacle,12/09/2024,10:00,8,21,7,1,None,1,GlobalReef,2.00,51.50,3.00,0.00,0.50,0.50,0.00,0.00,0.00,0.00,0.00,0.00,0.00,0.00,0.00,0.00,2.00,0.00,4.50,0.00,2.50,9.50,15.00,91.00
Shark Island,Natural,Pinnacle,12/10/2024,9:30,8,24,12,5,Light,5,GlobalReef,4.50,28.00,9.00,0.00,0.00,0.00,0.00,2.00,0.00,1.50,85.50,0.50,0.50,0.00,54.00,21.00,1.00,0.00,0.00,0.00,2.00,3.00,0.00,212.50
Green Rock,Natural,Fringing,02/04/2025,7:24,8,8.5,7,2,None,0,Jen,11,42,24,1,0,0,2,4,3,0,24,1,0,2,1,1,0,0,3,14,1,0,0,134
Green Rock,Natural,Fringing,02/04/2025,7:24,8,8.5,7,2,None,0,Elise,24,53,25,2,6,0,1,3,3,0,17,2,0,7,2,1,0,0,0,31,1,0,0,178
Green Rock,Natural,Fringing,02/04/2025,7:24,8,10,7,2,None,0,Jen,22,30,21,0,0,0,1,7,6,0,24,0,0,1,2,0,0,2,5,17,2,0,0,140
Green Rock,Natural,Fringing,02/04/2025,7:24,8,10,7,2,None,0,Elise,31,43,25,0,4,0,2,4,12,0,19,0,0,10,2,0,0,0,3,26,1,0,0,182
Shark Island,Natural,Pinnacle,02/05/2025,9:15,8,10.9,10,1,Light,1,Keisha,5,6,23,2,0,17,0,0,0,1,0,0,0,0,0,1,0,0,1,1,10,1,0,68
Shark Island,Natural,Pinnacle,02/05/2025,9:15,8,10.9,10,1,Light,1,Ben,6,19,16,2,2,7,1,1,0,1,0,1,0,0,1,1,0,0,7,2,23,0,0,90
Shark Island,Natural,Pinnacle,02/05/2025,9:24,8,10.9,10,1,Light,1,Keisha,8,0,40,2,0,0,0,0,0,0,2,0,0,0,0,40,0,0,1,0,2,0,0,95
Shark Island,Natural,Pinnacle,02/05/2025,9:24,8,10.9,10,1,Light,1,Ben,2,29,14,2,4,0,0,0,2,0,16,0,0,0,0,30,1,0,2,1,12,0,0,115
Shark Island,Natural,Pinnacle,02/05/2025,9:35,8,10.9,10,1,Light,1,Keisha,4,2,10,1,0,0,1,0,0,0,0,0,0,0,0,0,0,0,1,1,3,0,0,23
Shark Island,Natural,Pinnacle,02/05/2025,9:35,8,10.9,10,1,Light,1,Ben,6,16,10,1,3,0,3,1,0,0,0,0,0,0,0,0,0,0,3,2,8,0,0,53
Hin Pee Wee ,Natural,Pinnacle,02/06/2025,7:27,8,16,8,1,None,3,Georgia,6,24,8,0,1,0,0,3,0,-,0,0,0,0,0,5,15,0,2,24,2,2,160,252
Hin Pee Wee ,Natural,Pinnacle,02/06/2025,7:27,8,16,8,1,None,0,Camille,12,33,9,0,0,1,1,2,0,0,0,0,0,0,0,2,13,0,0,21,6,6,90,196
Sattakut,Artificial,Shipwreck,02/06/2025,7:27,8,16,8,1,None,3,Georgia,2,17,7,2,1,0,0,3,0,NA,0,1,1,0,0,65,134,0,0,2,0,2,2,239
Sattakut,Artificial,Shipwreck,02/06/2025,7:27,8,16,8,1,None,0,Camille,1,45,12,2,0,0,0,0,0,0,6,0,0,0,0,49,127,8,0,0,4,4,1,259
No Name Pinnacle,Natural,Pinnacle,02/10/2025,7:58,8,20,9,2,None,2,Elise,3,7,7,1,0,1,0,1,1,0,0,0,0,0,0,0,0,0,2,2,13,0,0,38
No Name Pinnacle,Natural,Pinnacle,02/10/2025,7:58,8,20,9,2,None,2,Martin,10,4,8,1,5,1,1,0,0,0,0,0,0,0,0,0,0,0,2,3,30,0,0,65
No Name Pinnacle,Natural,Pinnacle,02/10/2025,8:08,8,15,10,2,None,2,Elise,14,29,11,1,0,0,0,1,3,0,0,1,0,0,0,0,0,0,3,1,16,1,0,81
No Name Pinnacle,Natural,Pinnacle,02/10/2025,8:08,8,15,10,2,None,2,Martin,14,21,9,1,0,0,0,1,0,0,0,1,0,0,0,0,0,0,2,1,19,1,0,70
No Name Wreck ,Artificial,Shipwreck,02/10/2025,7:30,8,22,13,2,None,2,Bjarne,4,66,13,1,0,0,0,0,0,0,0,0,0,0,0,0,13,0,4,1,2,9,0,113
No Name Wreck ,Artificial,Shipwreck,02/10/2025,7:30,8,22,13,2,None,2,Olive,7,49,11,2,0,1,0,0,0,0,0,0,0,0,0,0,12,0,6,0,0,12,0,100
No Name Wreck ,Artificial,Shipwreck,02/10/2025,7:39,8,22,13,2,None,2,Bjarne,4,36,3,0,0,0,0,2,0,0,0,0,0,0,1,0,10,0,4,0,5,1,0,66
No Name Wreck ,Artificial,Shipwreck,02/10/2025,7:39,8,22,13,2,None,2,Olive,7,29,6,0,0,0,0,2,0,0,0,0,0,0,1,0,9,0,3,0,2,11,0,70
White Rock ,Natural ,Pinnacle,02/10/2025,9:17,8,15,15,2,Light,12,Bjarne,10,6,27,1,1,0,3,5,1,0,19,3,0,0,63,0,1,0,1,2,23,5,0,171
White Rock ,Natural ,Pinnacle,02/10/2025,9:17,8,15,15,2,Light,12,Olive,14,10,22,1,1,0,3,6,1,0,31,2,0,0,73,0,0,0,1,2,21,5,0,193
White Rock ,Natural ,Pinnacle,02/10/2025,9:17,8,15,15,2,Light,12,Bjarne,5,0,16,0,1,0,0,4,3,0,44,0,0,0,66,0,1,0,2,2,27,2,0,173
White Rock ,Natural ,Pinnacle,02/10/2025,9:17,8,15,15,2,Light,12,Olive,5,0,20,1,4,0,0,0,3,0,47,0,0,0,53,0,0,0,2,4,23,7,0,169
White Rock ,Natural ,Pinnacle,02/10/2025,9:17,8,15,15,2,Light,12,Bjarne,5,0,4,0,3,0,1,3,0,0,34,2,0,0,10,0,0,0,0,0,35,0,0,97
White Rock ,Natural ,Pinnacle,02/10/2025,9:17,8,15,15,2,Light,12,Olive,6,0,17,0,4,0,1,2,1,0,28,2,0,0,0,0,0,0,0,0,27,0,0,88
White Rock ,Natural ,Pinnacle,02/10/2025,9:21,8,16,15,2,Light,12,Scarlett,10,2,20,0,3,0,2,2,0,0,0,1,0,0,1,2,0,0,1,8,34,0,0,86
White Rock ,Natural ,Pinnacle,02/10/2025,9:21,8,16,15,2,Light,12,Camille,12,1,24,0,2,0,2,2,0,0,0,0,0,0,0,1,0,0,1,16,21,0,0,82
White Rock ,Natural ,Pinnacle,02/10/2025,9:21,8,18,15,2,Light,12,Scarlett,13,54,11,2,4,0,1,7,0,0,1,0,0,0,3,4,0,0,0,9,20,2,0,131
White Rock ,Natural ,Pinnacle,02/10/2025,9:21,8,18,15,2,Light,12,Camille,11,64,14,0,9,0,0,8,0,0,1,0,0,0,2,0,0,0,0,9,14,2,0,134
White Rock ,Natural ,Pinnacle,02/10/2025,9:21,8,15,15,2,Light,12,Scarlett,7,11,16,1,4,0,2,6,3,0,17,1,0,0,21,0,0,0,2,11,39,0,0,141
White Rock ,Natural ,Pinnacle,02/10/2025,9:21,8,15,15,2,Light,12,Camille,8,11,13,0,3,0,4,3,2,0,23,1,0,0,21,0,1,0,0,4,31,2,0,127
White Rock ,Natural ,Pinnacle,02/10/2025,9:38,8,12,15,2,Light,16,Elise,9,1,10,3,5,1,1,4,3,1,30,0,0,0,1,13,0,0,0,9,43,0,0,134
White Rock ,Natural ,Pinnacle,02/10/2025,9:38,8,12,15,2,Light,16,Martin,4,3,10,3,0,0,1,4,0,0,14,0,0,0,1,11,7,0,0,2,19,0,0,79
White Rock ,Natural ,Pinnacle,02/10/2025,9:38,8,15,15,2,Light,16,Elise,2,39,6,1,4,0,1,4,2,2,2,1,0,0,2,2,0,0,0,2,15,0,0,85
White Rock ,Natural ,Pinnacle,02/10/2025,9:38,8,15,15,2,Light,16,Martin,2,1,4,1,4,0,1,5,0,1,1,1,0,0,2,2,0,0,0,2,10,0,0,37
White Rock ,Natural ,Pinnacle,02/10/2025,9:38,8,11,15,2,Light,16,Elise,6,2,10,0,4,0,1,4,3,0,58,0,0,0,117,5,0,0,1,4,11,1,1,228
White Rock ,Natural ,Pinnacle,02/10/2025,9:38,8,11,15,2,Light,16,Martin,3,6,14,0,5,0,1,1,2,0,33,0,0,0,99,0,0,0,1,4,12,0,1,182
Chumphon,Natural ,Pinnacle,02/11/2025,07:58,8,20,10,1,None,10,Keisha,2,130,13,2,0,0,0,0,0,0,0,1,0,0,0,0,20,0,1,0,3,0,300,472
Chumphon,Natural ,Pinnacle,02/11/2025,07:58,8,20,10,1,None,10,Max,10,93,23,2,3,0,0,0,0,0,3,1,0,0,1,0,21,0,0,0,13,10,150,330
Chumphon,Natural ,Pinnacle,02/11/2025,08:08,8,20,10,1,None,10,Keisha,3,31,21,2,0,2,1,0,0,0,0,1,0,0,0,1,0,0,1,0,12,0,0,75
Chumphon,Natural ,Pinnacle,02/11/2025,8:08,8,20,10,1,None,10,Max,12,10,30,2,5,2,4,2,0,0,13,0,1,0,0,0,0,0,0,0,24,4,0,109
Chumphon,Natural ,Pinnacle,02/11/2025,07:51,8,15.8,10,1,None,8,Georgia,10,29,23,1,1,0,0,1,1,0,4,0,0,0,1,0,0,0,0,0,14,2,160,247
Chumphon,Natural ,Pinnacle,02/11/2025,07:51,8,15.8,10,1,None,8,Ben,8,32,18,2,0,0,0,2,0,0,0,0,0,0,0,0,0,2,0,0,8,1,170,243
Chumphon,Natural ,Pinnacle,02/11/2025,07:51,8,15.8,10,1,None,8,Georgia,1,129,11,0,0,0,0,0,0,0,0,1,0,0,1,0,0,0,0,1,2,4,0,150
Chumphon,Natural ,Pinnacle,02/11/2025,07:51,8,15.8,10,1,None,8,Ben,3,106,7,2,1,0,0,0,0,0,0,1,0,0,0,0,0,0,0,0,2,1,0,123
Chumphon,Natural ,Pinnacle,02/11/2025,07:58,8,20,10,1,None,10,Olive,4,90,15,0,0,0,0,2,0,0,1,0,0,0,0,0,20,0,13,0,3,5,93,246
Chumphon,Natural ,Pinnacle,02/11/2025,07:58,8,20,10,1,None,10,Jen,0,84,3,4,6,0,0,0,0,1,0,0,0,0,0,0,22,0,1,11,1,11,115,259
Chumphon,Natural ,Pinnacle,02/11/2025,08:08,8,20,10,1,None,10,Olive,9,33,12,2,1,3,1,3,0,0,5,0,0,0,1,0,1,0,1,1,9,7,0,89
Chumphon,Natural ,Pinnacle,02/11/2025,08:08,8,20,10,1,None,10,Jen,1,41,6,4,12,2,0,0,0,0,10,0,0,0,1,2,1,0,3,6,26,15,0,130
Hin Pee Wee,Natural ,Pinnacle,02/11/2025,10:05,8,13.6,13,1,None,7,Ben,8,9,6,2,0,0,4,1,1,0,0,0,0,0,0,0,1,1,3,3,42,2,75,158
Hin Pee Wee,Natural ,Pinnacle,02/11/2025,10:05,8,13.6,13,1,None,7,Georgia,9,9,8,2,2,0,1,1,1,1,0,0,0,0,0,0,0,0,3,0,25,5,195,262
Hin Pee Wee,Natural ,Pinnacle,02/11/2025,10:05,8,13.6,13,1,None,7,Ben,14,13,3,4,1,0,0,1,0,0,0,0,0,0,0,0,1,1,3,44,33,1,0,119
Hin Pee Wee,Natural ,Pinnacle,02/11/2025,10:05,8,13.6,13,1,None,7,Georgia,10,22,11,2,0,0,0,2,1,0,0,0,0,0,0,0,2,0,6,32,19,2,0,109
Southwest,Natural ,Pinnacle,02/13/2025,7:25,8,15.3,12,1,None,2,Keisha,1,5,11,1,0,0,0,0,0,0,0,0,0,0,0,0,0,0,2,0,2,6,200,222
Southwest,Natural ,Pinnacle,02/13/2025,7:25,8,15.3,12,1,None,2,Jenny,3,13,6,1,2,0,0,0,0,0,0,0,0,0,65,0,0,0,0,3,8,9,127,237
Southwest,Natural ,Pinnacle,02/13/2025,7:25,8,15.3,12,1,None,2,Keisha,6,4,10,1,0,0,0,0,0,0,10,0,0,0,0,0,1,0,16,2,14,0,250,314
Southwest,Natural ,Pinnacle,02/13/2025,7:25,8,15.3,12,1,None,2,Jenny,7,12,4,1,3,0,0,0,0,1,0,0,0,0,0,0,3,0,18,6,5,6,385,451
Southwest,Natural ,Pinnacle,02/13/2025,7:29,8,20,12,1,Light,2,Olive,3,10,7,0,0,0,0,0,0,1,0,0,0,0,68,0,0,0,2,3,2,6,193,295
Southwest,Natural ,Pinnacle,02/13/2025,7:29,8,20,12,1,Light,2,Ben,4,7,12,1,1,0,0,0,0,3,0,0,0,0,6,1,0,0,2,3,1,9,187,237
Southwest,Natural ,Pinnacle,02/13/2025,7:29,8,20,12,1,Light,2,Olive,5,16,13,0,0,0,0,0,0,0,1,0,0,0,3,14,6,0,17,0,1,6,166,248
Southwest,Natural ,Pinnacle,02/13/2025,7:29,8,20,12,1,Light,2,Ben,10,18,11,0,0,0,0,0,0,0,0,0,0,0,2,13,3,0,15,2,4,5,190,273
Southwest,Natural ,Pinnacle,02/13/2025,7:35,8,16.9,10,1,None,2,Elise,3,32,4,0,2,0,0,0,0,0,10,0,0,0,7,2,0,0,3,1,6,2,201,273
Southwest,Natural ,Pinnacle,02/13/2025,7:35,8,16.9,10,1,None,2,Martin,3,9,2,0,0,0,0,0,0,0,10,0,0,0,35,0,0,0,5,1,8,7,210,290
Southwest,Natural ,Pinnacle,02/13/2025,7:35,8,16.9,10,1,None,2,Elise,2,17,4,0,1,0,0,0,0,0,15,0,0,0,10,20,0,0,6,2,7,0,124,208
Southwest,Natural ,Pinnacle,02/13/2025,7:35,8,16.9,10,1,None,2,Martin,0,22,4,0,0,0,0,0,0,0,0,0,0,0,7,0,0,0,4,1,1,0,302,341
Southwest,Natural ,Pinnacle,02/13/2025,7:35,8,16.9,10,1,None,2,Elise,1,17,4,0,1,0,0,0,0,0,2,0,0,0,1,56,0,0,21,2,4,2,51,162
Southwest,Natural ,Pinnacle,02/13/2025,7:35,8,16.9,10,1,None,2,Martin,0,35,5,0,0,0,0,0,0,0,0,0,0,0,0,80,2,0,20,1,1,0,50,194
Southwest,Natural ,Pinnacle,02/13/2025,9:20,8,14,12,1,None,6,Keisha,4,6,15,0,0,0,0,0,0,0,0,0,0,0,0,0,0,0,2,0,22,3,150,202
Southwest,Natural ,Pinnacle,02/13/2025,9:20,8,14,12,1,None,6,Jenny,8,5,4,1,0,0,0,0,0,0,15,0,0,0,0,1,8,0,5,3,6,8,50,114
Southwest,Natural ,Pinnacle,02/13/2025,9:35,8,14,12,1,None,6,Keisha,11,4,14,3,0,0,0,0,0,1,0,0,0,0,0,0,0,0,0,0,21,0,350,404
Southwest,Natural ,Pinnacle,02/13/2025,9:35,8,14,12,1,None,6,Jenny,20,7,7,2,1,0,0,0,0,0,4,0,0,0,0,0,10,0,3,6,7,9,0,76
Southwest,Natural ,Pinnacle,02/13/2025,09:26,8,18,12,1,None,7,Olive,5,17,15,2,0,0,0,0,0,0,5,0,0,0,0,30,2,0,22,1,1,3,315,418
Southwest,Natural ,Pinnacle,02/13/2025,09:26,8,18,12,1,None,7,Ben,4,46,5,2,0,0,0,0,0,0,27,0,0,0,0,27,1,0,22,1,1,1,195,332
Southwest,Natural ,Pinnacle,02/13/2025,09:34,8,18,12,1,None,7,Olive,15,11,12,0,0,0,0,0,0,2,0,0,0,0,0,0,0,0,83,1,1,2,0,127
Southwest,Natural ,Pinnacle,02/13/2025,09:34,8,18,12,1,None,7,Ben,7,16,14,1,0,0,0,0,0,2,0,0,0,0,0,0,0,0,61,2,1,1,0,105
Southwest,Natural ,Pinnacle,02/13/2025,09:25,8,18,12,1,None,7,Camille,1,19,12,1,1,0,0,0,0,0,0,0,0,0,77,35,1,0,58,5,5,1,0,216
Southwest,Natural ,Pinnacle,02/13/2025,09:25,8,18,12,1,None,7,Max,2,37,21,2,0,0,0,0,0,0,33,0,0,0,74,59,5,0,53,7,10,4,0,307
Southwest,Natural ,Pinnacle,02/13/2025,09:36,8,18,12,1,None,7,Camille,9,34,26,1,2,0,0,0,0,0,4,0,0,0,0,350,3,0,4,7,4,7,950,1401
Southwest,Natural ,Pinnacle,02/13/2025,09:36,8,18,12,1,None,7,Max,7,27,17,2,1,0,0,0,0,0,9,0,0,0,0,250,1,0,6,6,15,7,846,1194
Southwest,Natural ,Pinnacle,02/13/2025,09:19,9,18,10,1,None,6,Bjarne,7,13,15,1,0,0,0,0,0,0,1,0,0,0,34,37,1,1,0,3,11,2,0,126
Southwest,Natural ,Pinnacle,02/13/2025,09:19,9,18,10,1,None,6,Georgia,1,7,10,1,0,0,0,0,0,0,0,0,0,0,29,50,0,1,0,2,3,1,0,105
Southwest,Natural ,Pinnacle,02/13/2025,09:28,8,17,10,1,None,6,Bjarne,8,7,11,1,1,0,0,0,0,0,19,1,0,0,0,0,1,1,45,3,13,3,145,259
Southwest,Natural ,Pinnacle,02/13/2025,09:28,8,17,10,1,None,6,Georgia,7,9,10,0,1,0,0,0,0,0,2,0,0,0,1,0,0,0,19,3,3,1,107,163
Southwest,Natural ,Pinnacle,02/13/2025,9:30,8,13.6,10,1,None,6,Elise,3,2,7,3,2,0,0,0,0,4,52,0,0,0,34,0,0,0,1,8,11,1,0,128
Southwest,Natural ,Pinnacle,02/13/2025,9:30,8,13.6,10,1,None,6,Martin,4,8,12,2,2,0,0,0,0,4,31,0,0,0,32,0,0,0,0,6,21,2,0,124
Southwest,Natural ,Pinnacle,02/13/2025,9:30,8,13.6,10,1,None,6,Elise,3,12,8,1,1,0,0,0,2,0,10,0,0,0,4,3,0,0,0,0,2,3,190,239
Southwest,Natural ,Pinnacle,02/13/2025,9:30,8,13.6,10,1,None,6,Martin,2,10,7,1,0,0,0,0,0,0,4,0,0,0,7,2,0,0,1,3,6,2,371,416
Chumphon,Natural ,Pinnacle,02/17/2025,7:59,8,15.7,15,1,Light,8,Keisha,3,49,14,0,0,0,0,0,0,0,0,0,0,0,0,200,0,0,50,0,4,2,0,270
Chumphon,Natural ,Pinnacle,02/17/2025,7:59,8,15.7,15,1,Light,8,Ben,8,25,20,0,0,0,0,0,0,0,5,0,0,0,0,1,1,1,0,1,9,5,0,43
Chumphon,Natural ,Pinnacle,02/17/2025,7:59,8,15.7,15,1,Light,8,Keisha,0,11,11,1,0,0,0,0,0,0,0,0,0,0,0,0,0,0,32,0,11,2,0,57
Chumphon,Natural ,Pinnacle,02/17/2025,7:59,8,15.7,15,1,Light,8,Ben,4,117,19,4,0,0,0,0,0,2,5,0,0,0,0,60,16,0,1,1,12,1,0,121
Chumphon,Natural ,Pinnacle,02/17/2025,8:00,8,15.7,10,1,Light,8,Georgia,4,50,12,1,3,0,0,0,0,2,2,1,0,0,0,105,4,1,1,0,5,1,95,233
Chumphon,Natural ,Pinnacle,02/17/2025,8:00,8,15.7,10,1,Light,8,Jen,2,62,6,1,0,0,0,0,0,0,0,0,0,0,0,0,3,0,7,0,2,1,110,130
Chumphon,Natural ,Pinnacle,02/17/2025,8:00,8,15.7,10,1,Light,8,Georgia,8,72,14,2,0,0,0,0,0,0,2,1,0,0,0,0,0,0,0,0,8,2,1,30
Chumphon,Natural ,Pinnacle,02/17/2025,8:00,8,15.7,10,1,Light,8,Jen,3,85,7,0,0,0,0,0,0,0,0,0,0,0,385,0,4,0,8,0,0,1,0,405
Chumphon,Natural ,Pinnacle,02/17/2025,7:58,8,21,10,1,Light,8,Gavin,7,36,12,0,4,0,0,0,0,0,4,0,0,0,0,2,0,1,3,2,11,5,0,44
Chumphon,Natural ,Pinnacle,02/17/2025,7:58,8,21,10,1,Light,8,Elise,4,74,11,1,1,0,0,1,0,0,2,0,0,0,3,2,0,0,0,0,5,1,0,27
Chumphon,Natural ,Pinnacle,02/17/2025,8:11,8,16,15,1,Light,8,Gavin,7,55,17,4,1,0,1,0,0,3,2,1,0,0,3,20,19,1,4,0,14,5,158,253
Chumphon,Natural ,Pinnacle,02/17/2025,8:11,8,16,15,1,Light,8,Elise,4,62,12,3,0,0,0,0,0,2,2,1,0,0,10,0,9,1,2,0,7,3,150,202
Hin Pee Wee,Natural ,Pinnacle,02/17/2025,10:07,8,11.8,8,1,Light,3,Jen,9,32,9,2,1,0,0,1,0,0,0,1,0,0,0,10,1,0,2,0,13,7,93,140
Hin Pee Wee,Natural ,Pinnacle,02/17/2025,10:07,8,11.8,8,1,Light,3,Georgia,8,46,8,1,0,0,0,0,0,0,0,1,0,0,0,6,0,0,2,0,5,1,78,102
Hin Pee Wee,Natural ,Pinnacle,02/17/2025,10:07,8,11.8,8,1,Light,3,Jen,6,71,7,5,0,0,0,2,2,0,0,0,0,0,0,0,0,0,1,0,16,6,37,76
Hin Pee Wee,Natural ,Pinnacle,02/17/2025,10:07,8,11.8,8,1,Light,3,Georgia,8,64,12,2,0,0,0,1,0,1,1,1,0,0,0,0,0,0,0,2,6,0,39,65
Hin Pee Wee,Natural ,Pinnacle,02/17/2025,10:07,8,13.6,10,1,Light,3,Ben,9,17,8,1,2,1,0,0,0,0,0,1,0,0,0,5,1,0,1,28,12,4,16,80
Hin Pee Wee,Natural ,Pinnacle,02/17/2025,10:07,8,13.6,10,1,Light,3,Keisha,6,18,5,1,0,1,1,0,0,0,0,1,0,0,0,9,1,0,1,21,12,1,10,64
Hin Pee Wee,Natural ,Pinnacle,02/17/2025,10:07,8,13.6,10,1,Light,3,Ben,4,104,7,0,6,3,2,2,0,0,0,1,0,0,0,4,1,0,1,12,17,3,18,77
Hin Pee Wee,Natural ,Pinnacle,02/17/2025,10:07,8,13.6,10,1,Light,3,Keisha,3,22,8,1,0,0,1,1,0,1,0,0,0,0,0,8,2,0,2,9,15,1,16,65
Shark Island,Natural ,Pinnacle,02/18/2025,9:38,8,11,8,2,Light,3,Elise,15,21,16,4,11,0,5,5,4,0,20,1,0,0,120,0,0,0,5,5,30,3,100,329
Shark Island,Natural ,Pinnacle,02/18/2025,9:38,8,11,8,2,Light,3,Martin,11,18,19,1,12,1,3,8,1,0,18,1,0,0,160,0,0,0,12,4,23,1,200,464
Shark Island,Natural ,Pinnacle,02/18/2025,9:46,8,11,8,2,Light,3,Elise,15,24,53,0,8,0,6,2,5,0,0,0,0,0,0,0,0,0,13,0,19,0,0,106
Shark Island,Natural ,Pinnacle,02/18/2025,9:46,8,11,8,2,Light,3,Martin,7,17,32,0,6,0,2,0,0,0,2,0,0,0,0,0,0,0,11,0,10,0,0,63
No Name Pinnacle,Natural ,Pinnacle,02/19/2025,9:53,8,14.8,8,1,None,9,Keisha,5,12,13,1,1,0,0,1,0,0,0,1,0,0,0,0,0,0,14,6,15,0,0,52
No Name Pinnacle,Natural ,Pinnacle,02/19/2025,9:53,8,14.8,8,1,None,9,Olive,2,8,14,1,4,0,0,1,0,0,0,1,0,0,0,0,0,0,12,11,12,15,0,71
No Name Pinnacle,Natural ,Pinnacle,02/19/2025,10:03,8,14.8,8,1,None,9,Keisha,5,10,7,1,0,0,0,0,0,0,0,1,0,0,0,0,0,0,3,0,10,0,0,22
No Name Pinnacle,Natural ,Pinnacle,02/19/2025,10:03,8,14.8,8,1,None,9,Olive,6,11,6,2,1,0,0,0,0,0,0,1,0,0,0,0,0,0,4,0,5,2,0,21
No Name Wreck,Artificial,Shipwreck,02/19/2025,9:41,8,14.8,8,1,None,9,Keisha,5,12,7,1,0,0,0,0,0,0,0,0,0,0,0,0,11,0,9,1,2,4,0,35
No Name Wreck,Artificial,Shipwreck,02/19/2025,9:41,8,14.8,8,1,None,9,Olive,7,16,3,2,0,0,0,0,0,4,0,1,0,0,0,1,10,0,17,6,4,12,0,60
Southwest,Natural ,Pinnacle,02/20/2025,8:00,8,22,10,1,Light,2,Georgia,8,19,12,2,2,0,0,0,0,1,25,0,0,0,3,21,0,0,6,7,7,3,0,89
Southwest,Natural ,Pinnacle,02/20/2025,8:00,8,22,10,1,Light,2,Ben,4,2,11,5,0,0,0,0,0,2,20,0,0,0,0,11,0,0,4,4,15,7,1,80
Southwest,Natural ,Pinnacle,02/20/2025,8:00,8,22,10,1,Light,2,Georgia,3,13,18,1,2,0,0,0,0,1,13,0,0,1,26,211,1,0,14,4,5,3,420,720
Southwest,Natural ,Pinnacle,02/20/2025,8:00,8,22,10,1,Light,2,Ben ,2,12,13,1,2,0,0,0,0,0,0,0,0,1,14,265,3,0,1,3,7,6,420,736
Southwest,Natural ,Pinnacle,02/20/2025,10:00,8,18,10,1,Light,2,Ben,3,45,9,3,0,0,0,0,0,0,7,0,0,0,40,300,21,0,53,2,6,5,550,996
Southwest,Natural ,Pinnacle,02/20/2025,10:00,8,18,10,1,Light,2,Georgia,5,35,11,0,0,0,0,0,0,0,2,0,0,0,35,224,11,0,27,0,5,2,550,867
Southwest,Natural ,Pinnacle,02/20/2025,10:00,8,18,10,1,Light,2,Ben,5,60,10,3,0,0,0,0,0,0,18,0,0,0,0,340,4,0,13,7,15,11,110,531
Southwest,Natural ,Pinnacle,02/20/2025,10:00,8,18,10,1,Light,2,Georgia,2,30,24,3,0,0,0,0,0,0,12,0,0,0,0,0,4,3,1,6,22,3,90,168
Southwest,Natural ,Pinnacle,02/20/2025,8:02,8,25,10,2,Light,3,Elise,7,22,2,0,2,0,0,0,0,5,36,0,0,0,50,14,6,0,31,12,17,1,301,477
Southwest,Natural ,Pinnacle,02/20/2025,8:02,8,25,10,2,Light,3,Martin,6,31,5,1,2,0,0,0,0,3,20,0,0,0,50,55,12,0,31,2,7,4,701,893
Southwest,Natural ,Pinnacle,02/20/2025,8:02,8,25,10,2,Light,3,Elise,6,6,29,3,5,0,0,0,0,0,30,0,0,2,6,252,0,1,3,8,17,6,0,362
Southwest,Natural ,Pinnacle,02/20/2025,8:02,8,25,10,2,Light,3,Martin,4,3,12,0,1,0,0,0,0,0,33,0,0,2,0,16,0,1,1,4,20,7,0,97
Southwest,Natural ,Pinnacle,02/20/2025,09:54,8,18,10,2,Light,1,Elise,5,81,15,4,2,0,0,0,0,2,42,0,0,0,41,200,6,0,4,2,8,3,0,329
Southwest,Natural ,Pinnacle,02/20/2025,09:54,8,18,10,2,Light,1,Martin,5,83,15,6,2,0,0,0,0,0,4,0,0,0,41,3,7,0,28,6,16,6,0,134
Southwest,Natural ,Pinnacle,02/20/2025,09:54,8,18,10,2,Light,1,Elise,3,126,7,1,0,0,0,0,0,1,0,0,0,0,16,0,0,0,27,4,2,1,1,60
Southwest,Natural ,Pinnacle,02/20/2025,09:54,8,18,10,2,Light,1,Martin,4,75,14,0,0,0,0,0,0,0,23,0,0,0,11,0,1,0,25,3,6,0,0,83
Southwest,Natural ,Pinnacle,02/20/2025,8:01,8,19,10,2,Light,3,Max,13,52,15,5,0,0,0,0,0,0,3,0,0,0,0,0,0,0,15,2,9,6,40,95
Southwest,Natural ,Pinnacle,02/20/2025,8:01,8,19,10,2,Light,3,Olive,9,75,17,6,4,0,0,0,0,0,19,0,0,0,5,0,1,0,24,1,8,12,45,142
Southwest,Natural ,Pinnacle,02/20/2025,8:10,8,19,10,2,Light,1,Max,4,45,7,4,0,0,0,0,0,11,6,0,0,0,0,297,9,0,42,6,11,5,90,488
Southwest,Natural ,Pinnacle,02/20/2025,8:10,8,19,10,2,Light,1,Olive,2,44,2,2,0,0,0,0,0,9,1,0,0,0,32,134,16,0,39,1,5,10,65,316
Southwest,Natural ,Pinnacle,02/20/2025,9:52,8,19,10,2,Light,3,Max,6,16,23,0,4,0,0,0,0,0,2,0,0,0,3,0,1,0,20,4,17,10,110,194
Southwest,Natural ,Pinnacle,02/20/2025,9:52,8,19,10,2,Light,3,Olive,5,22,20,0,6,0,0,0,0,0,7,0,0,0,11,0,3,0,25,0,10,10,135,227
Southwest,Natural ,Pinnacle,02/20/2025,10:00,8,19,10,2,Light,1,Max,0,69,3,0,2,0,0,0,0,3,0,0,0,0,0,198,21,0,27,2,2,11,480,749
Southwest,Natural ,Pinnacle,02/20/2025,10:00,8,19,10,2,Light,1,Olive,0,29,3,1,0,0,0,0,0,0,0,0,0,0,34,224,39,0,20,0,4,6,480,811
Hin Pee Wee,Natural,Pinnacle,02/27/2025,9:48,8,18,5,1,None,5,Max,3,8,15,4,2,2,0,1,0,0,0,0,0,0,0,0,0,0,1,27,11,0,0,63
Hin Pee Wee,Natural,Pinnacle,02/27/2025,9:48,8,18,5,1,None,5,Olive,6,6,15,4,0,6,0,1,0,0,0,0,0,0,0,0,0,0,3,32,17,0,0,78
Hin Pee Wee,Natural,Pinnacle,02/27/2025,9:57,8,18,5,1,None,5,Max,2,9,4,0,4,0,0,0,0,0,0,0,0,0,0,0,0,0,0,3,14,0,0,25
Hin Pee Wee,Natural,Pinnacle,02/27/2025,9:57,8,18,5,1,None,5,Olive,3,25,2,0,3,0,0,0,0,0,0,0,0,0,0,0,2,0,0,5,15,0,0,27
No Name Pinnacle,Natural,Pinnacle,02/27/2025,7:34,8,15.1,8,1,None,2,Keisha,4,10,5,0,0,0,0,0,0,0,0,0,0,0,1,0,0,0,3,0,4,0,0,13
No Name Pinnacle,Natural,Pinnacle,02/27/2025,7:34,8,15.1,8,1,None,2,Gavin,13,21,7,2,6,0,0,0,0,0,0,0,0,0,0,0,0,0,1,2,17,0,0,35
No Name Pinnacle,Natural,Pinnacle,02/27/2025,7:34,8,18,6,1,None,4,Olive,1,14,6,0,0,0,1,0,0,0,0,0,0,0,0,0,0,0,1,2,16,8,0,34
No Name Pinnacle,Natural,Pinnacle,02/27/2025,7:34,8,18,6,1,None,4,Max,3,8,10,1,2,0,1,1,0,0,0,0,0,0,0,0,0,0,2,1,23,2,0,43
No Name Pinnacle,Natural,Pinnacle,02/27/2025,7:34,8,18,6,1,None,4,Olive,10,23,9,1,1,0,1,0,0,0,0,0,0,0,0,0,0,0,3,0,13,1,0,29
No Name Pinnacle,Natural,Pinnacle,02/27/2025,7:34,8,18,6,1,None,4,Max,9,21,6,0,1,0,0,0,0,0,0,0,0,0,0,0,0,0,3,0,9,1,0,20
No Name Wreck,Artificial,Shipwreck,02/27/2025,7:34,8,15.1,8,1,None,2,Keisha,1,9,8,0,0,0,0,1,0,1,0,0,0,0,0,0,8,0,1,0,1,2,0,22
No Name Wreck,Artificial,Shipwreck,02/27/2025,7:34,8,15.1,8,1,None,2,Gavin,5,39,10,1,0,0,0,2,0,0,0,1,0,0,0,0,10,0,1,0,2,7,0,34
No Name Pinnacle,Natural,Pinnacle,02/28/2025,9:46,8,15,6,2,None,6,Camille,6,26,12,1,0,0,3,0,0,0,0,0,0,0,0,0,0,0,3,0,6,2,0,27
No Name Pinnacle,Natural,Pinnacle,02/28/2025,9:46,8,15,6,2,None,6,Jen,3,17,4,0,0,0,1,0,0,0,0,1,0,0,0,0,0,0,0,4,4,0,0,14
No Name Wreck,Artificial,Shipwreck,02/28/2025,9:33,8,15,4,2,None,6,Camille,4,41,3,3,0,0,0,2,0,0,0,1,0,0,0,1,11,0,3,0,6,1,0,31
No Name Wreck,Artificial,Shipwreck,02/28/2025,9:33,8,15,4,2,None,6,Jen,2,32,2,2,0,0,0,0,0,0,0,1,0,0,0,1,7,0,5,2,2,0,0,22
Southwest,Natural,Pinnacle,03/01/2025,7:46,8,20,5,3,Light,0,Bjarne,5,18,9,1,2,0,0,0,0,1,17,0,0,0,0,0,0,0,6,0,14,7,35,92
Southwest,Natural,Pinnacle,03/01/2025,7:46,8,20,5,3,Light,0,Camille,4,11,7,2,0,0,0,0,0,0,30,0,0,0,0,0,2,0,7,2,1,1,20,72
Southwest,Natural,Pinnacle,03/01/2025,7:46,8,20,5,3,Light,0,Keisha,2,11,3,1,0,0,0,0,0,0,0,0,0,0,0,0,0,0,2,1,4,1,0,12
Southwest,Natural,Pinnacle,03/01/2025,7:55,8,20,5,3,Light,0,Bjarne,1,45,15,2,1,0,0,0,0,1,0,0,0,0,2,2,5,0,0,0,4,4,0,36
Southwest,Natural,Pinnacle,03/01/2025,7:55,8,20,5,3,Light,0,Camille,6,112,12,3,0,0,0,0,0,0,0,0,0,0,0,0,3,0,14,0,0,0,0,32
Southwest,Natural,Pinnacle,03/01/2025,7:55,8,20,5,3,Light,0,Keisha,0,18,7,0,0,0,0,0,0,0,0,0,0,0,0,0,0,0,10,0,0,2,0,19
Southwest,Natural,Pinnacle,03/01/2025,7:58,8,20,5,1,Light,0,Olive,2,7,4,2,0,0,0,0,0,0,2,0,0,0,0,0,0,0,3,0,7,7,41,66
Southwest,Natural,Pinnacle,03/01/2025,7:58,8,20,5,1,Light,0,Georgia,1,8,4,2,0,0,0,0,0,0,0,0,0,0,0,0,0,0,1,1,4,2,25,39
Southwest,Natural,Pinnacle,03/01/2025,7:58,8,20,5,1,Light,0,Olive ,2,28,4,0,0,0,0,0,0,0,0,0,0,0,0,0,0,0,8,0,2,1,60,75
Southwest,Natural,Pinnacle,03/01/2025,7:58,8,20,5,1,Light,0,Georgia ,3,25,4,0,0,0,0,0,0,0,0,0,0,0,0,0,0,0,11,0,1,1,47,64
Southwest,Natural,Pinnacle,03/01/2025,7:58,8,19,5,1,Light,0,Max,6,102,7,2,0,0,0,0,1,0,2,0,0,0,76,2,0,0,3,2,3,3,30,131
Southwest,Natural,Pinnacle,03/01/2025,7:58,8,19,5,1,Light,0,Ben,8,92,8,4,0,0,0,0,0,1,0,0,0,0,75,0,2,0,1,0,8,6,25,130
Southwest,Natural,Pinnacle,03/01/2025,8:09,8,19,5,1,Light,0,Max,3,65,3,0,0,0,0,0,0,2,1,0,0,0,1,0,1,0,45,1,4,3,90,151
Southwest,Natural,Pinnacle,03/01/2025,8:09,8,19,5,1,Light,0,Ben,2,71,5,0,0,0,0,0,0,1,2,0,0,0,0,1,3,0,59,0,1,0,45,117
Southwest,Natural,Pinnacle,03/01/2025,7:50,8,22,5,1,Light,0,Elise,2,25,9,2,1,0,0,0,0,1,70,1,0,0,58,0,1,0,0,0,14,2,400,559
Southwest,Natural,Pinnacle,03/01/2025,7:50,8,22,5,1,Light,0,Martin,3,31,13,3,0,0,0,0,0,0,32,0,0,0,31,0,0,0,0,1,2,16,200,298
Southwest,Natural,Pinnacle,03/01/2025,8:09,8,20,5,1,Light,0,Elise,1,105,6,0,0,0,0,0,0,3,10,0,0,0,0,20,2,0,9,2,5,1,400,458
Southwest,Natural,Pinnacle,03/01/2025,8:09,8,20,5,1,Light,0,Martin,5,62,4,0,0,0,0,0,0,0,10,0,0,0,0,20,7,0,11,4,3,0,200,259
Southwest,Natural,Pinnacle,03/01/2025,9:34,8,20,5,1,Light ,3,Bjarne,2,13,9,2,2,0,0,0,0,0,11,0,0,0,1,0,0,0,3,1,13,2,0,44
Southwest,Natural,Pinnacle,03/01/2025,9:34,8,20,5,1,Light ,3,Camille,1,12,3,2,0,0,0,0,0,0,3,0,0,0,0,0,2,0,1,0,4,2,0,17
Southwest,Natural,Pinnacle,03/01/2025,9:34,8,20,5,1,Light ,3,Keisha,0,3,2,0,0,0,0,0,0,0,0,0,0,0,0,0,0,0,2,1,3,1,0,9
Southwest,Natural,Pinnacle,03/01/2025,9:41,8,20,5,1,Light ,3,Bjarne,0,139,2,4,0,0,0,0,0,0,14,0,0,0,1,0,0,0,72,0,3,1,0,97
Southwest,Natural,Pinnacle,03/01/2025,9:41,8,20,5,1,Light ,3,Camille,1,89,1,3,0,0,0,0,0,0,13,0,0,0,0,0,1,0,85,0,1,1,0,105
Southwest,Natural,Pinnacle,03/01/2025,9:41,8,20,5,1,Light ,3,Keisha,0,78,0,1,0,0,0,0,0,0,0,0,0,0,0,0,0,0,44,0,0,0,0,45
Southwest,Natural,Pinnacle,03/01/2025,9:56,8,20,5,1,Light ,3,Olive,3,54,1,0,0,0,0,0,0,0,10,0,0,0,0,246,0,0,66,0,0,0,100,423
Southwest,Natural,Pinnacle,03/01/2025,9:56,8,20,5,1,Light ,3,Ben,1,109,0,0,0,0,0,0,0,0,0,0,0,0,0,150,0,0,83,0,0,0,0,233
Southwest,Natural,Pinnacle,03/01/2025,10:05,8,20,5,1,Light ,3,Olive,5,86,0,1,1,0,0,0,0,0,4,0,0,0,0,0,1,0,12,1,7,6,0,33
Southwest,Natural,Pinnacle,03/01/2025,10:05,8,20,5,1,Light ,3,Ben,3,105,4,0,0,0,0,0,0,0,16,0,0,0,1,1,1,0,11,0,1,4,0,39
Southwest,Natural,Pinnacle,03/01/2025,9:47,8,20,5,1,Light ,3,Elise,2,40,4,0,0,0,0,0,0,0,3,0,0,0,0,10,16,0,4,2,6,2,200,247
Southwest,Natural,Pinnacle,03/01/2025,9:47,8,20,5,1,Light ,3,Martin,1,45,5,0,0,0,0,0,0,0,1,1,1,0,0,10,0,0,1,0,8,6,0,33
Southwest,Natural,Pinnacle,03/01/2025,9:57,8,19,5,1,Light ,3,Elise,3,42,11,0,0,0,0,0,0,0,29,0,0,0,30,31,2,0,7,0,10,3,200,323
Southwest,Natural,Pinnacle,03/01/2025,9:57,8,19,5,1,Light ,3,Martin,5,92,6,0,0,0,0,0,0,0,0,0,0,0,25,26,2,0,1,7,9,5,150,231
Chumphon,Natural,Pinnacle,03/03/2025,8:00,8,22,8,2,None,7,Camille,6,55,16,0,1,2,0,0,0,0,2,0,0,0,2,0,0,0,1,0,0,2,400,426
Chumphon,Natural,Pinnacle,03/03/2025,8:00,8,22,8,2,None,7,Martin ,3,15,1,0,0,3,0,0,0,0,0,0,0,0,2,0,0,0,0,0,0,2,250,258
Chumphon,Natural,Pinnacle,03/03/2025,8:00,8,22,8,2,None,7,Elise,4,49,3,0,0,3,0,0,0,0,0,0,0,0,3,0,0,0,1,0,5,2,302,319
Chumphon,Natural,Pinnacle,03/03/2025,8:09,8,22,8,2,None,7,Camille,2,47,4,0,0,2,0,0,0,0,0,0,0,0,1,0,5,0,1,0,1,2,7,23
Chumphon,Natural,Pinnacle,03/03/2025,8:09,8,22,8,2,None,7,Martin,1,20,4,0,0,2,0,0,0,0,0,0,0,0,0,0,5,0,1,0,4,1,100,117
Chumphon,Natural,Pinnacle,03/03/2025,8:09,8,22,8,2,None,7,Elise,1,15,4,0,0,0,0,0,0,0,0,0,0,0,2,0,0,0,1,0,2,1,300,310
Aow Mao,Natural ,Fringing,03/05/2025,13:40,8,9.8,12,2,None,0,Olive,11,8,21,1,0,0,0,1,0,0,0,0,0,0,0,0,0,0,0,1,5,2,0,31
Aow Mao,Natural ,Fringing,03/05/2025,13:40,8,9.8,12,2,None,0,Max,14,12,22,2,3,0,0,1,0,1,0,0,0,0,0,0,0,0,0,0,12,2,0,43
Aow Mao,Natural ,Fringing,03/05/2025,13:40,8,9.8,12,2,None,0,Georgia,7,4,24,1,2,0,0,4,0,1,0,0,0,0,0,5,3,0,0,0,25,1,0,66
Aow Mao,Natural ,Fringing,03/05/2025,13:30,8,12,12,2,None,0,Camille,13,18,35,0,0,0,3,4,1,0,0,1,0,0,3,0,0,0,0,1,11,0,0,59
Aow Mao,Natural ,Fringing,03/05/2025,13:30,8,12,12,2,None,0,Martin,7,9,22,1,1,0,2,4,0,0,0,0,0,0,20,0,0,0,0,3,9,4,0,66
Aow Mao,Natural ,Fringing,03/05/2025,13:40,8,10,12,2,None,0,Camille,5,14,19,0,0,0,0,2,0,0,0,1,0,0,0,0,1,0,1,1,12,0,0,37
Aow Mao,Natural ,Fringing,03/05/2025,13:40,8,10,12,2,None,0,Martin,3,6,14,0,0,0,0,2,0,0,0,1,0,0,0,0,0,0,0,1,14,1,0,33
Southwest,Natural,Pinnacle,03/06/2025,9:40,8,20,10,2,None,3,Camille,5,121,8,0,2,0,0,0,0,2,22,0,0,0,2,135,7,0,34,3,4,4,800,1023
Southwest,Natural,Pinnacle,03/06/2025,9:40,8,20,10,2,None,3,Georgia ,2,49,7,0,0,0,0,0,0,0,0,1,0,0,85,128,4,0,18,0,10,5,800,1058
Southwest,Natural,Pinnacle,03/06/2025,9:40,8,20,10,2,None,3,Max,0,82,7,0,2,0,0,0,0,2,12,0,0,0,0,459,3,0,14,2,2,9,940,1452
Southwest,Natural,Pinnacle,03/06/2025,9:50,8,20,10,2,None,3,Camille,11,16,26,6,1,0,0,0,0,0,7,1,0,0,0,0,3,0,4,2,19,2,40,111
Southwest,Natural,Pinnacle,03/06/2025,9:50,8,20,10,2,None,3,Georgia,8,11,17,6,1,0,0,0,0,0,7,0,0,0,1,0,0,0,1,3,17,4,45,102
Southwest,Natural,Pinnacle,03/06/2025,9:50,8,20,10,2,None,3,Max,11,10,18,5,4,0,0,0,0,0,6,0,0,0,4,0,1,0,0,2,12,7,105,164
Southwest,Natural,Pinnacle,03/06/2025,9:33,8,19,15,3,None,4,Olive,3,24,12,1,0,0,0,0,0,0,6,0,0,0,30,102,2,0,53,6,2,1,980,1195
Southwest,Natural,Pinnacle,03/06/2025,9:33,8,19,15,3,None,4,Martin,4,58,6,2,0,0,0,0,0,0,19,0,0,0,3,76,4,0,49,19,1,5,600,784
Southwest,Natural,Pinnacle,03/06/2025,9:42,8,19,12,3,None,3,Olive,3,57,17,0,6,0,0,0,0,0,23,0,0,0,35,89,0,0,48,1,2,2,670,893
Southwest,Natural,Pinnacle,03/06/2025,9:42,8,19,12,3,None,3,Martin,3,82,14,0,5,0,0,0,0,2,58,0,0,0,41,155,1,0,30,21,7,9,200,543
Chumphon,Natural ,Pinnacle,03/10/2025,7:57,8,20,15,4,None,4,Georgia,9,33,15,0,2,2,0,0,0,0,3,0,0,0,2,0,0,1,11,0,23,4,4,67
Chumphon,Natural ,Pinnacle,03/10/2025,7:57,8,20,15,4,None,4,Max,10,38,21,0,0,3,0,0,0,0,2,0,0,0,0,0,0,1,11,0,18,4,5,65
Chumphon,Natural ,Pinnacle,03/10/2025,8:06,8,20,15,4,None,4,Georgia,2,40,15,1,1,29,1,0,0,0,1,1,0,0,0,0,6,0,2,0,12,1,50,120
Chumphon,Natural ,Pinnacle,03/10/2025,8:06,8,20,15,4,None,4,Max,2,27,15,0,2,27,0,0,0,0,1,1,0,0,0,0,0,0,2,0,3,0,8,59
Chumphon,Natural ,Pinnacle,03/10/2025,07:54,8,19,15,4,None,4,Camille,2,30,10,0,0,24,0,0,0,0,0,0,0,0,1,85,0,1,6,0,12,0,170,309
Chumphon,Natural ,Pinnacle,03/10/2025,07:54,8,19,15,4,None,4,Elise,4,32,6,0,0,30,0,0,0,0,0,0,0,0,2,150,0,1,3,0,3,2,265,462
Chumphon,Natural ,Pinnacle,03/10/2025,07:54,8,19,15,4,None,4,Martin,0,40,0,0,0,28,0,0,0,0,0,0,0,0,0,150,0,0,1,0,0,3,150,332
Chumphon,Natural ,Pinnacle,03/10/2025,8:02,8,19,15,4,None,4,Camille,1,34,8,1,0,18,0,0,0,3,0,0,0,0,10,0,35,0,2,2,4,1,508,592
Chumphon,Natural ,Pinnacle,03/10/2025,8:02,8,19,15,4,None,4,Elise,1,25,3,0,1,22,0,0,0,0,0,1,0,0,9,0,30,0,0,0,7,4,1180,1257
Chumphon,Natural ,Pinnacle,03/10/2025,8:02,8,19,15,4,None,4,Martin,0,82,0,0,0,28,0,0,0,0,0,0,0,0,0,0,0,0,0,0,0,0,360,388
Sattakut,Aritficial,Shipwreck,03/10/2025,09:58,8,22,15,3,Light,7,Georgia,2,35,7,0,1,0,0,0,0,2,0,0,0,0,83,47,9,0,7,6,2,0,80,244
Sattakut,Aritficial,Shipwreck,03/10/2025,09:58,8,22,15,3,Light,7,Max,1,47,8,0,0,0,0,1,0,2,0,0,0,0,61,143,5,0,8,11,2,1,120,362
Sattakut,Aritficial,Shipwreck,03/10/2025,10:07,8,22,15,3,Light,7,Georgia,3,7,7,1,0,0,0,0,0,1,12,0,0,0,50,75,4,0,6,6,0,1,65,228
Sattakut,Aritficial,Shipwreck,03/10/2025,10:07,8,22,15,3,Light,7,Max,2,10,8,1,0,0,0,1,0,0,13,0,0,0,93,165,5,0,7,3,1,1,115,413
Sattakut,Aritficial,Shipwreck,03/10/2025,09:46,8,25,15,3,Light,7,Martin ,6,6,4,0,0,0,0,2,0,8,0,1,0,0,32,90,3,0,2,6,2,0,42,192
Sattakut,Aritficial,Shipwreck,03/10/2025,09:46,8,25,15,3,Light,7,Elise,15,20,12,1,0,0,0,4,2,5,0,1,0,0,44,69,2,0,2,4,2,0,50,198
Sattakut,Aritficial,Shipwreck,03/10/2025,09:46,8,25,15,3,Light,7,Camille,3,26,12,0,0,0,0,2,0,0,0,1,0,0,49,95,11,0,1,0,0,0,50,221
Sattakut,Aritficial,Shipwreck,03/10/2025,09:54,8,25,15,3,Light,7,Martin ,2,10,3,0,0,0,0,3,0,13,17,0,0,0,0,70,10,0,11,17,4,0,70,218
Sattakut,Aritficial,Shipwreck,03/10/2025,09:54,8,25,15,3,Light,7,Elise,4,20,3,0,0,0,0,1,0,9,20,0,0,0,11,52,3,0,0,6,7,0,50,162
Sattakut,Aritficial,Shipwreck,03/10/2025,09:54,8,25,15,3,Light,7,Camille,6,31,3,0,0,0,0,3,0,1,20,0,0,0,65,122,14,0,9,3,0,1,50,291
White Rock,Natural ,Pinnacle,03/11/2025,9:30,8,12,7,1,None,7,Martin,4,11,12,0,2,0,2,5,0,0,1,0,0,0,0,0,0,0,0,0,16,0,0,38
White Rock,Natural ,Pinnacle,03/11/2025,9:30,8,12,7,1,None,7,Georgia,4,4,13,0,3,0,2,8,0,0,0,0,0,0,0,0,0,0,0,10,15,0,0,51
White Rock,Natural ,Pinnacle,03/11/2025,9:30,8,12,7,1,None,7,Martin,2,10,9,0,1,0,1,4,0,0,6,1,0,0,25,0,0,0,2,8,16,0,0,73
White Rock,Natural ,Pinnacle,03/11/2025,9:30,8,12,7,1,None,7,Georgia,5,10,8,0,0,0,2,9,0,0,10,0,0,0,23,0,1,0,0,5,19,0,0,77
White Rock,Natural ,Pinnacle,03/11/2025,9:30,8,12,7,1,None,7,Max,8,4,9,1,0,1,0,4,0,0,0,1,0,0,1,1,0,0,19,8,17,11,0,73
White Rock,Natural ,Pinnacle,03/11/2025,9:30,8,12,7,1,None,7,Pheobe,14,5,14,2,2,0,0,4,2,0,1,0,0,0,1,1,0,0,19,11,14,19,0,90
White Rock,Natural ,Pinnacle,03/11/2025,9:39,8,11,7,1,None,7,Max,8,17,20,1,4,1,1,5,0,0,68,0,0,0,55,0,0,0,3,5,15,16,0,194
White Rock,Natural ,Pinnacle,03/11/2025,9:39,8,11,7,1,None,7,Pheobe,9,15,17,2,2,0,0,4,1,0,46,1,0,0,49,0,0,0,4,4,13,20,0,163
Hin Pee Wee,Natural ,Pinnacle,03/12/2025,09:32,8,18,6,2,None,6,Georgia,1,16,7,0,3,0,0,2,0,3,0,1,0,0,2,3,0,0,0,137,12,0,300,470
Hin Pee Wee,Natural ,Pinnacle,03/12/2025,09:32,8,18,6,2,None,6,Martin,1,7,8,0,3,0,1,1,0,3,3,0,0,0,0,30,0,0,1,56,16,1,81,204
Hin Pee Wee,Natural ,Pinnacle,03/12/2025,09:41,8,18,6,2,None,6,Georgia,2,6,13,0,6,0,0,0,0,2,0,0,0,0,1,25,0,0,1,50,29,15,50,192
Hin Pee Wee,Natural ,Pinnacle,03/12/2025,09:41,8,18,6,2,None,6,Martin,4,2,10,0,5,0,1,0,0,3,0,0,0,0,0,42,0,0,1,7,31,0,130,230
No Name,Natural ,Pinnacle,03/12/2025,7:35,8,18,10,2,None,1,Camille,16,9,9,1,5,0,0,3,0,0,0,0,0,0,0,0,0,0,5,5,21,1,0,50
No Name,Natural ,Pinnacle,03/12/2025,7:44,8,18,10,2,None,1,Camille,7,13,9,3,4,3,0,0,0,0,0,2,0,0,0,0,0,0,0,3,17,1,0,42
No Name Wreck,Artificial,Shipwreck,03/12/2025,07:21,8,23,8,2,Light,2,Martin,8,8,2,2,0,0,0,1,0,0,0,1,0,0,0,1,4,0,2,1,2,9,NA,25
No Name Wreck,Artificial,Shipwreck,03/12/2025,07:30,8,23,8,2,Light,2,Martin,5,22,3,0,0,0,0,1,0,1,0,1,0,0,0,1,8,0,3,0,0,10,NA,28
Sattakut,Artificial,Shipwreck,03/12/2025,9:41,8,24,5,2,Light,2,Max,6,7,12,0,0,0,0,4,0,2,0,1,0,0,52,145,4,0,11,21,3,0,0,255
Sattakut,Artificial,Shipwreck,03/12/2025,9:41,8,24,5,2,Light,2,Camille,14,27,20,0,0,0,0,6,0,0,0,2,0,0,95,90,3,0,5,22,5,0,0,248
Chumphon,Natural ,Pinnacle,03/17/2025,07:50,8,20,8,2,Light,4,Max,7,25,5,1,0,0,0,0,0,0,0,0,0,0,8,0,0,0,0,0,5,3,0,22
Chumphon,Natural ,Pinnacle,03/17/2025,07:50,8,20,8,2,Light,4,Georgia,4,31,0,0,0,0,0,0,0,0,0,0,0,0,0,0,0,0,0,0,2,0,0,2
Chumphon,Natural ,Pinnacle,03/17/2025,07:50,8,20,8,2,Light,4,Elise,3,29,1,0,0,0,0,0,0,0,0,1,0,0,0,0,0,0,1,0,1,0,0,4
Chumphon,Natural ,Pinnacle,03/17/2025,07:50,8,20,8,2,Light,4,Max,2,12,0,0,2,13,1,0,0,0,0,0,0,0,0,0,0,0,0,0,3,2,0,21
Chumphon,Natural ,Pinnacle,03/17/2025,07:50,8,20,8,2,Light,4,Georgia,1,11,2,0,0,14,1,0,0,0,0,0,0,0,0,0,0,0,0,0,0,0,0,17
Chumphon,Natural ,Pinnacle,03/17/2025,07:50,8,30,8,2,Light,4,Elise,2,50,0,0,0,0,0,0,0,0,0,1,0,0,0,0,0,0,4,0,0,0,0,5
No Name Pinnacle,Natural ,Pinnacle,03/18/2025,9:35,8,17,18,2,Light,11,Elise,2,29,20,2,3,0,1,4,6,1,0,0,0,0,0,0,0,0,5,3,28,5,0,78
No Name Pinnacle,Natural ,Pinnacle,03/18/2025,9:35,8,17,18,2,Light,11,Camille,6,25,24,2,3,0,1,3,0,0,0,0,0,0,0,0,0,0,7,1,16,0,0,57
No Name Pinnacle,Natural ,Pinnacle,03/18/2025,9:45,8,16,18,2,Light,11,Camille,9,17,15,1,4,0,1,0,0,2,0,0,0,0,0,0,0,0,5,5,20,1,0,54
No Name Pinnacle,Natural ,Pinnacle,03/18/2025,9:45,8,16,18,2,Light,11,Elise,2,27,15,2,3,0,0,0,0,0,0,0,0,0,0,0,0,0,4,7,13,2,0,46
No Name Wreck,Artificial,Shipwreck,03/18/2025,9:33,8,22,8,2,None,4,Georgia,2,25,7,1,1,0,0,1,0,2,0,1,0,0,0,0,9,0,3,0,12,10,0,47
No Name Wreck,Artificial,Shipwreck,03/18/2025,9:33,8,22,8,2,None,4,Max,3,25,5,1,0,0,0,0,0,1,0,1,0,0,0,0,7,0,6,0,3,13,0,37
No Name Wreck,Artificial,Shipwreck,03/18/2025,9:33,8,22,8,2,None,4,Georgia,8,24,2,0,1,0,0,1,0,2,0,1,0,0,0,0,7,0,4,0,5,11,0,34
No Name Wreck,Artificial,Shipwreck,03/18/2025,9:33,8,22,8,2,None,4,Max,11,26,3,1,1,0,0,3,0,1,0,1,0,0,0,0,5,0,7,0,4,17,0,43
Hin Pee Wee,Natural ,Pinnacle,03/19/2025,9:42,8,18,6,3,Light,7,Camille,6,40,11,0,0,0,0,1,0,0,0,2,1,0,7,43,2,0,5,3,2,0,0,77
Hin Pee Wee,Natural ,Pinnacle,03/19/2025,9:42,8,18,6,3,Light,7,Elise,4,24,9,0,1,0,0,0,0,0,0,1,1,0,9,43,1,0,3,2,2,0,1,73
No Name Pinnacle,Natural ,Pinnacle,03/20/2025,14:24,8,17,8,3,Medium,2,Georgia,5,12,9,1,2,0,1,0,0,0,0,1,0,0,0,0,0,0,2,2,6,0,0,24
No Name Pinnacle,Natural ,Pinnacle,03/20/2025,14:24,8,17,8,3,Medium,2,Camille,6,9,10,1,0,0,0,0,0,0,0,0,0,0,0,0,0,0,2,1,6,0,0,20
No Name Pinnacle,Natural ,Pinnacle,03/20/2025,14:32,8,16,8,3,Medium,2,Olive ,4,14,10,1,4,0,0,1,0,0,0,1,0,0,0,0,0,0,5,1,12,0,0,35
No Name Pinnacle,Natural ,Pinnacle,03/20/2025,14:32,8,16,8,3,Medium,2,Jess,7,33,11,1,3,0,1,2,0,1,0,1,0,0,0,0,0,0,4,0,10,5,0,39
No Name Wreck,Artificial,Shipwreck,03/20/2025,14:07,8,20,5,3,Medium,2,Olive,8,47,2,0,0,0,0,2,0,0,0,1,0,0,0,0,6,0,26,0,3,6,0,46
No Name Wreck,Artificial,Shipwreck,03/20/2025,14:07,8,20,5,3,Medium,2,Jess,6,40,2,0,0,0,0,3,0,0,0,0,0,0,0,0,4,0,21,0,5,5,0,40
No Name Wreck,Artificial,Shipwreck,03/20/2025,14:16,8,20,5,3,Medium,2,Olive,9,45,5,0,0,0,0,3,0,0,0,0,0,0,0,0,1,0,6,0,8,8,0,31
No Name Wreck,Artificial,Shipwreck,03/20/2025,14:16,8,20,5,3,Medium,2,Jess,6,40,7,0,0,0,0,3,0,0,0,0,0,0,0,0,1,0,8,0,2,12,0,33
Green Rock,Natural,Fringing,03/24/2025,07:11,8,9.2,15,2,None,6,Georgia,20,22,25,0,4,0,1,3,1,0,1,0,0,0,15,0,0,0,2,0,15,2,130,241
Green Rock,Natural,Fringing,03/24/2025,07:11,8,9.2,15,2,None,6,Max,27,25,25,0,4,0,1,3,2,0,1,0,0,0,12,0,0,0,1,1,5,2,125,234
Green Rock,Natural,Fringing,03/24/2025,07:11,8,9.2,15,2,None,6,Georgia,26,20,27,0,7,0,1,2,1,0,9,0,0,0,0,0,1,0,1,0,14,1,130,240
Green Rock,Natural,Fringing,03/24/2025,07:11,8,9.2,15,2,None,6,Max,19,36,41,0,6,0,0,3,1,1,0,1,0,0,0,0,0,0,3,3,14,2,120,250
No Name Pinnacle,Natural ,Pinnacle,03/24/2025,9:13,8,16,8,2,Light,7,Camille,8,9,13,4,3,1,1,2,0,0,0,2,0,0,0,0,0,0,3,2,17,2,0,50
No Name Pinnacle,Natural ,Pinnacle,03/24/2025,9:13,8,16,8,2,Light,7,Elise,8,12,15,2,0,0,1,1,0,1,0,0,0,0,0,0,0,0,1,3,15,3,0,42
No Name Pinnacle,Natural ,Pinnacle,03/24/2025,9:22,8,16,8,2,Light,7,Camille,8,20,12,2,1,0,0,0,0,0,0,0,0,0,0,0,1,0,2,5,11,0,0,34
No Name Pinnacle,Natural ,Pinnacle,03/24/2025,9:22,8,16,8,2,Light,7,Elise,6,8,14,2,2,1,2,1,1,1,0,0,0,0,0,0,0,0,4,2,23,3,0,56
No Name Wreck,Artificial,Shipwreck,03/24/2025,09:15,8,15.1,10,2,None,7,Georgia,5,5,8,1,0,0,0,1,1,0,0,2,0,0,1,0,12,0,12,0,4,7,0,49
No Name Wreck,Artificial,Shipwreck,03/24/2025,09:15,8,15.1,10,2,None,7,Max,9,10,5,2,0,0,0,0,1,0,0,1,0,0,1,0,0,0,16,1,2,8,0,37
No Name Wreck,Artificial,Shipwreck,03/24/2025,09:15,8,15.1,10,2,None,7,Georgia,5,22,6,0,0,0,0,3,0,0,0,1,0,0,0,0,5,0,32,0,0,7,3,57
No Name Wreck,Artificial,Shipwreck,03/24/2025,09:15,8,15.1,10,2,None,7,Max,6,16,6,0,0,0,0,3,0,0,0,1,0,0,0,1,2,0,24,0,5,2,0,44
Aow Mao,Natural,Fringing,03/27/2025,14:40,8,11.2,10,1,None,0,Emma,16,5,16,0,3,0,0,4,1,0,21,1,0,0,64,3,0,0,2,2,25,1,0,143
Aow Mao,Natural,Fringing,03/27/2025,14:40,8,11.2,10,1,None,0,Emma,13,16,22,3,2,0,2,5,9,0,0,6,1,0,12,0,0,0,0,2,22,2,0,88
Aow Mao,Natural,Fringing,03/27/2025,14:40,8,11.2,10,1,None,0,Tessa,10,16,15,1,1,0,0,5,1,2,0,1,0,1,0,0,0,0,0,1,20,3,0,51
Aow Mao,Natural,Fringing,03/27/2025,14:40,8,11.2,10,1,None,0,Georgia,14,9,19,2,3,0,1,8,0,1,0,0,0,1,0,0,0,0,0,1,15,0,0,51
Aow Mao,Natural,Fringing,03/27/2025,14:40,8,11.2,10,1,None,0,Tessa ,13,8,16,0,0,0,0,0,1,3,0,1,0,0,0,0,0,0,0,3,27,1,0,52
Aow Mao,Natural,Fringing,03/27/2025,14:40,8,11.2,10,1,None,0,Georgia ,14,14,10,0,1,0,2,2,0,3,0,1,0,0,0,0,0,0,0,6,15,0,0,40
Aow Mao Wreck,Artificial,Shipwreck,03/27/25,12:55,8,17,6,1,None,0,Renzo,1,25,22,0,0,0,0,0,0,0,0,0,1,0,0,52,38,0,2,9,1,8,0,133
Aow Mao Wreck,Artificial,Shipwreck,03/27/25,12:55,8,17,6,1,None,0,Emma,2,14,19,0,0,0,0,0,0,0,0,0,0,0,0,40,29,0,2,52,0,7,0,149
Aow Mao Wreck,Artificial,Shipwreck,03/27/25,12:55,8,17,6,1,None,0,Niamh,7,8,13,0,0,0,0,0,0,0,0,0,0,0,0,55,42,0,0,1,3,4,0,118
Aow Mao Wreck,Artificial,Shipwreck,03/27/25,12:55,8,17,6,1,None,0,Tessa,6,4,9,0,0,0,0,0,0,0,0,0,0,0,0,76,32,0,1,0,4,4,0,126
Sattakut,Artificial,Shipwreck,03/28/2025,10:00,8,25,10,2,None,8,Camille,3,8,11,1,0,0,0,2,0,2,0,1,0,0,85,102,10,0,41,3,6,0,1,265
Sattakut,Artificial,Shipwreck,03/28/2025,10:00,8,25,10,2,None,8,Olive,2,3,5,0,0,0,0,2,0,5,0,1,0,0,65,72,1,0,22,1,1,2,1,178
Sattakut,Artificial,Shipwreck,03/28/2025,10:00,8,25,10,2,None,8,Elise,9,28,11,0,0,0,0,4,0,5,0,1,0,0,20,40,13,0,20,0,3,2,0,119
Green Rock,Natural,Fringing,04/08/2025,9:15,8,10,12,2,Light,0,Jen,20,21,14,0,4,0,0,5,0,0,4,0,0,0,3,0,1,0,0,1,12,2,0,46
Green Rock,Natural,Fringing,04/08/2025,9:15,8,10,12,2,Light,0,Camille,26,37,21,2,4,0,3,2,2,0,0,0,0,0,18,0,0,0,0,2,1,0,0,55
Green Rock,Natural,Fringing,04/08/2025,9:26,8,12,12,2,Light,0,Camille,14,28,19,0,6,0,3,8,1,0,0,0,0,0,2,0,0,0,0,0,13,0,0,52
Green Rock,Natural,Fringing,04/08/2025,9:26,8,12,12,2,Light,0,Jen,12,18,7,2,3,0,0,7,3,1,8,2,0,0,1,0,1,0,3,0,16,5,0,59
Aow Mao,Natural,Fringing,04/10/2025,14:50,8,8.7,8,2,Light,1,Niamh,16,17,16,1,3,0,0,0,1,0,8,1,0,1,0,4,0,0,0,4,10,0,0,49
Aow Mao,Natural,Fringing,04/10/2025,14:50,8,8.7,8,2,Light,1,Tessa,14,23,20,1,1,0,1,0,0,0,7,1,0,0,0,3,1,0,0,0,9,1,0,45
Aow Mao,Natural,Fringing,04/10/2025,14:50,8,8.7,8,2,Light,1,Niamh,7,9,16,0,2,0,2,2,2,0,0,1,0,1,0,4,0,0,0,4,6,2,0,42
Aow Mao,Natural,Fringing,04/10/2025,14:50,8,8.7,8,2,Light,1,Tessa,9,9,19,0,1,0,1,2,0,0,0,1,0,0,0,0,0,0,1,2,6,0,0,33
Aow Mao Wreck,Artificial,Shipwreck,04/10/2025,13:00,8,17.7,3,2,None,0,Emma ,0,2,11,0,0,0,0,0,0,4,0,0,0,0,0,24,23,0,0,4,1,6,0,73
Aow Mao Wreck,Artificial,Shipwreck,04/10/2025,13:00,8,17.7,3,2,None,0,Renzo ,0,8,4,0,0,0,0,0,0,2,0,0,0,0,0,16,17,0,0,6,2,5,0,52
Chumphon,Natural ,Pinnacle,04/15/2025,7:54,8,22,12,3,None,5,Gav,3,46,4,4,5,0,0,0,0,0,18,0,0,0,11,0,4,0,7,2,15,5,1,76
Chumphon,Natural ,Pinnacle,04/15/2025,7:54,8,22,12,3,None,5,Scar,4,41,3,0,0,0,0,0,0,0,0,0,0,0,8,6,0,0,14,0,0,2,0,33
Chumphon,Natural ,Pinnacle,04/15/2025,7:54,8,22,12,3,None,5,Gav,3,16,12,1,6,0,0,0,0,0,8,1,0,0,4,0,3,0,6,2,6,12,0,61
Chumphon,Natural ,Pinnacle,04/15/2025,7:54,8,22,12,3,None,5,Scar,5,23,8,1,4,0,0,0,0,0,0,0,0,0,6,0,0,0,5,0,0,2,0,26
Chumphon,Natural ,Pinnacle,04/15/2025,7:54,8,15.9,12,3,None,5,Tessa,7,33,6,1,3,0,0,0,0,0,2,0,0,0,3,0,0,0,5,1,14,4,0,39
Chumphon,Natural ,Pinnacle,04/15/2025,7:54,8,NA,12,3,None,5,Emma,4,42,12,1,5,0,0,0,0,0,5,0,0,0,2,0,0,0,5,1,21,5,0,57
Chumphon,Natural ,Pinnacle,04/15/2025,7:54,8,15.9,12,3,None,5,Tessa,3,97,5,1,1,0,0,0,0,0,15,0,0,0,0,0,0,0,9,0,2,3,0,36
Chumphon,Natural ,Pinnacle,04/15/2025,7:54,8,NA,12,3,None,5,Emma,8,113,4,2,3,0,0,0,0,0,18,0,0,0,1,0,0,0,11,0,13,3,0,55
Chumphon,Natural ,Pinnacle,04/15/2025,7:54,8,16,12,3,None,5,Niamh,6,32,11,0,5,0,0,0,0,0,4,0,0,0,3,1,10,0,0,0,10,1,0,45
Chumphon,Natural ,Pinnacle,04/15/2025,7:54,8,16,12,3,None,5,Lucca,3,11,2,0,2,0,0,0,0,0,1,0,0,1,0,0,0,0,0,0,6,2,0,14